/*
Navicat MySQL Data Transfer

Source Server         : locall
Source Server Version : 50528
Source Host           : localhost:3306
Source Database       : jszx_db

Target Server Type    : MYSQL
Target Server Version : 50528
File Encoding         : 65001

Date: 2013-04-02 14:58:58
*/

SET FOREIGN_KEY_CHECKS=0;

-- ----------------------------
-- Table structure for `admins_tb`
-- ----------------------------
DROP TABLE IF EXISTS `admins_tb`;
CREATE TABLE `admins_tb` (
  `AdminID` int(11) NOT NULL AUTO_INCREMENT COMMENT '主键，管理员自动编号，自增长',
  `AdminName` varchar(50) NOT NULL COMMENT '管理员姓名',
  `AdminAccount` varchar(50) NOT NULL COMMENT '管理员账号',
  `AdminPWD` varchar(50) NOT NULL COMMENT '管理员登录密码',
  `AdminAuthority` tinyint(4) NOT NULL DEFAULT '2' COMMENT '1超级管理员，默认值2，普通管理员',
  `AdminStatus` tinyint(4) NOT NULL DEFAULT '1' COMMENT '默认1正常状态，2挂起状态①',
  `AdminBackup` varchar(200) DEFAULT NULL COMMENT '备注',
  PRIMARY KEY (`AdminID`)
) ENGINE=InnoDB DEFAULT CHARSET=utf8;

-- ----------------------------
-- Records of admins_tb
-- ----------------------------

-- ----------------------------
-- Table structure for `classtimes_tb`
-- ----------------------------
DROP TABLE IF EXISTS `classtimes_tb`;
CREATE TABLE `classtimes_tb` (
  `ClsTmIndex` int(11) NOT NULL COMMENT '主键，课节号，值必须手动指定',
  `ClsTmName` varchar(50) NOT NULL COMMENT '课节名称：第一节',
  `ClsTmStart` time NOT NULL COMMENT '课节开始时间',
  `ClsTmEnd` time NOT NULL COMMENT '课节结束时间',
  PRIMARY KEY (`ClsTmIndex`)
) ENGINE=InnoDB DEFAULT CHARSET=utf8;

-- ----------------------------
-- Records of classtimes_tb
-- ----------------------------
INSERT INTO `classtimes_tb` VALUES ('1', '第一节课', '08:20:00', '10:00:00');
INSERT INTO `classtimes_tb` VALUES ('2', '第二节课', '10:20:00', '12:00:00');
INSERT INTO `classtimes_tb` VALUES ('3', '第三节课', '14:00:00', '15:40:00');
INSERT INTO `classtimes_tb` VALUES ('4', '第四节课', '16:00:00', '17:40:00');
INSERT INTO `classtimes_tb` VALUES ('5', '第五节课', '18:30:00', '20:10:00');
INSERT INTO `classtimes_tb` VALUES ('6', '第六节课', '20:30:00', '22:10:00');

-- ----------------------------
-- Table structure for `courses_tb`
-- ----------------------------
DROP TABLE IF EXISTS `courses_tb`;
CREATE TABLE `courses_tb` (
  `CrsID` int(11) NOT NULL AUTO_INCREMENT COMMENT '主键，自增，课程编号',
  `CrsName` varchar(100) DEFAULT NULL COMMENT '课程名',
  `CrsTeacher` varchar(50) DEFAULT NULL COMMENT '教师姓名',
  `CrsClasses` varchar(50) DEFAULT NULL COMMENT '上课班级',
  `CrsHour` float DEFAULT NULL COMMENT '上课学时',
  `CrsTimes` int(11) DEFAULT NULL COMMENT '上课次数',
  `CrsNum` int(11) DEFAULT NULL COMMENT '上课人数',
  `CrsConf` varchar(200) DEFAULT NULL COMMENT '配置要求',
  `CrsRemark` varchar(200) DEFAULT NULL COMMENT '备注',
  PRIMARY KEY (`CrsID`)
) ENGINE=InnoDB AUTO_INCREMENT=675 DEFAULT CHARSET=utf8;

-- ----------------------------
-- Records of courses_tb
-- ----------------------------
INSERT INTO `courses_tb` VALUES ('477', '图像处理技术与应用', '赵奇', '图像处理技术与应用101', '16', '8', '0', 'PhotoshopCS', '无');
INSERT INTO `courses_tb` VALUES ('478', 'C语言', '赵奇', '120231-4', '24', '12', '132', 'vc++6.0', '无');
INSERT INTO `courses_tb` VALUES ('479', 'C语言', '赵奇', '120831-2、120881-2', '24', '12', '132', 'vc++6.0', '无');
INSERT INTO `courses_tb` VALUES ('480', 'VB语言', '赵奇', '120921-2、121411-2', '24', '12', '132', 'vb6.0', '无');
INSERT INTO `courses_tb` VALUES ('481', '视频处理技术与应用', '李伟', '视频处理技术与应用101', '16', '8', '0', 'Premiere Pro', '无');
INSERT INTO `courses_tb` VALUES ('482', 'C语言', '李伟', '120821-3、 120891', '24', '12', '132', 'vc++6.0', '无');
INSERT INTO `courses_tb` VALUES ('483', 'C语言', '李伟', '120551-2、 120561-2', '24', '12', '132', 'vc++6.0', '无');
INSERT INTO `courses_tb` VALUES ('484', 'VB语言', '李伟', '120621-2、 120631-2', '24', '12', '132', 'vb6.0', '无');
INSERT INTO `courses_tb` VALUES ('485', 'Flash动画设计与应用', '满春雷', 'Flash动画设计与应用泰达101', '16', '8', '132', 'vb6.0', '无');
INSERT INTO `courses_tb` VALUES ('486', 'C语言', '满春雷', '120171-2、 120181-2', '24', '12', '132', 'VC++6.0', '无');
INSERT INTO `courses_tb` VALUES ('487', 'C语言', '满春雷', '120531-2、120611-2', '24', '12', '132', 'VC++6.0', '无');
INSERT INTO `courses_tb` VALUES ('488', 'VB语言', '满春雷', '121421-3', '24', '12', '99', 'vb6.0', '无');
INSERT INTO `courses_tb` VALUES ('489', '数据库技术与应用', '王燕', '数据库技术与应用泰达103', '16', '8', '99', 'MSAcess2003', '无');
INSERT INTO `courses_tb` VALUES ('490', 'C语言', '王燕', '120221-4', '24', '12', '132', 'VC++6.0', '无');
INSERT INTO `courses_tb` VALUES ('491', 'C语言', '王燕', '120641-2、120651-2', '24', '12', '132', 'VC++6.0', '无');
INSERT INTO `courses_tb` VALUES ('492', 'C语言', '王燕', '120641-2、120651-2', '24', '12', '132', 'VC++6.0', '无');
INSERT INTO `courses_tb` VALUES ('493', 'C语言', '王燕', '1204s1-2', '24', '12', '66', 'VC++6.0', '无');
INSERT INTO `courses_tb` VALUES ('494', 'Matlab技术与应用', '张浥楠', 'Matlab技术与应用泰达103', '16', '8', '0', 'MATLAB', '无');
INSERT INTO `courses_tb` VALUES ('495', 'C语言', '张浥楠', '120111-2, 120161-2', '24', '12', '132', 'VC++6.0', '无');
INSERT INTO `courses_tb` VALUES ('496', 'C语言', '张浥楠', '120131-4', '24', '12', '132', 'VC++6.0', '无');
INSERT INTO `courses_tb` VALUES ('497', '网页设计技术与应用', '张艳华', '网页设计技术与应用泰达103', '16', '8', '0', 'MS FrontePage 2000，DreamWeaver MX；IIS', '无');
INSERT INTO `courses_tb` VALUES ('498', 'C语言', '张艳华', '121111-2、121131-2', '24', '12', '132', 'VC++6.0', '无');
INSERT INTO `courses_tb` VALUES ('499', 'C语言', '张艳华', '122031-3', '24', '12', '99', 'VC++6.0', '无');
INSERT INTO `courses_tb` VALUES ('500', 'C语言', '张艳华', '121431-2', '24', '12', '66', 'VC++6.0', '无');
INSERT INTO `courses_tb` VALUES ('501', 'C程序设计', '吴江红', '121011-4', '16', '8', '120', 'VC++6.0', '无');
INSERT INTO `courses_tb` VALUES ('502', 'C程序设计', '刘建征', '122011-6', '16', '8', '180', 'VC++6.0', '无');
INSERT INTO `courses_tb` VALUES ('503', 'C程序设计', '刘建征', '122011-6', '16', '8', '180', 'VC++6.0', '无');
INSERT INTO `courses_tb` VALUES ('504', 'C语言课程设计', '刘建征', '122011-6', '40', '10', '180', 'VC++6.0', '无');
INSERT INTO `courses_tb` VALUES ('505', '操作系统', '苏静', '101121', '6', '4', '30', 'VC++6.0', '无');
INSERT INTO `courses_tb` VALUES ('506', 'C语言程序设计', '孙迪', '121021-4', '32', '16', '140', 'VC++6.0', '无');
INSERT INTO `courses_tb` VALUES ('507', 'C语言程序设计', '孙迪', '121021-4', '32', '16', '140', 'VC++6.0', '无');
INSERT INTO `courses_tb` VALUES ('508', 'C语言', '窦若菲', '120241-2、 120251-2', '24', '12', '132', 'VC++6.0', '无');
INSERT INTO `courses_tb` VALUES ('509', 'C语言', '窦若菲', '120321-4', '24', '12', '132', 'VC++6.0', '无');
INSERT INTO `courses_tb` VALUES ('510', 'C语言', '窦若菲', '120331-4', '24', '12', '132', 'VC++6.0', '无');
INSERT INTO `courses_tb` VALUES ('511', 'C语言', '宁爱军', '1201s1-2,、1203s1-2', '24', '12', '132', 'VC++6.0', '无');
INSERT INTO `courses_tb` VALUES ('512', 'C语言', '宁爱军', '120121-4', '24', '12', '132', 'VC++6.0', '无');
INSERT INTO `courses_tb` VALUES ('513', 'VB语言', '宁爱军', '120421-2、120431-2', '24', '12', '132', 'vb6.0', '无');
INSERT INTO `courses_tb` VALUES ('514', 'C语言', '王辉', '120141-2、 120151-2', '24', '12', '132', 'VC++6.0', '无');
INSERT INTO `courses_tb` VALUES ('515', 'C语言', '王辉', '120511-2、 120521-2', '24', '12', '132', 'VC++6.0', '无');
INSERT INTO `courses_tb` VALUES ('516', 'C语言', '王辉', '122041-2', '24', '12', '66', 'VC++6.0', '无');
INSERT INTO `courses_tb` VALUES ('517', '机器学习', '王辉', '机器学习泰达100', '16', '8', '0', 'VC++6.0', '无');
INSERT INTO `courses_tb` VALUES ('518', 'C语言', '熊聪聪', '120451-2、120461-2', '24', '12', '132', 'VC++6.0', '无');
INSERT INTO `courses_tb` VALUES ('519', 'C语言', '杨光磊', '120801-2、120811-2', '24', '12', '132', 'VC++6.0', '无');
INSERT INTO `courses_tb` VALUES ('520', 'C语言', '杨光磊', '120311-4', '24', '12', '132', 'VC++6.0', '无');
INSERT INTO `courses_tb` VALUES ('521', 'C语言', '杨光磊', '120211-4', '24', '12', '132', 'VC++6.0', '无');
INSERT INTO `courses_tb` VALUES ('522', '国际贸易制单实践', '孙滔', '110811-2、1108s1-2', '40', '10', '120', '远程访问', '无');
INSERT INTO `courses_tb` VALUES ('523', '国际贸易制单实践', '孙滔', '112031-4', '40', '10', '120', '远程访问', '无');
INSERT INTO `courses_tb` VALUES ('524', '财务管理学', '吕荣华', '102041-4', '20', '10', '120', '网中网软件', '无');
INSERT INTO `courses_tb` VALUES ('525', '财务管理学', '吕荣华', '102041-4', '20', '10', '120', '网中网软件', '无');
INSERT INTO `courses_tb` VALUES ('526', '财务管理学', '尹钧惠', '110821-3', '20', '10', '120', '网中网软件', '无');
INSERT INTO `courses_tb` VALUES ('527', '财务管理学', '尹钧惠', '110821-3', '20', '10', '120', '网中网软件', '无');
INSERT INTO `courses_tb` VALUES ('528', '财务管理课程设计', '尹钧惠、金桂荣等', '102041-4', '40', '10', '120', '网中网软件', '无');
INSERT INTO `courses_tb` VALUES ('529', '财务管理课程设计', '吕荣华、刘学青等', '110821-3', '40', '10', '120', '网中网软件', '无');
INSERT INTO `courses_tb` VALUES ('530', '财务管理课程设计', '吕荣华、刘学青等', '110821-3', '40', '10', '120', '网中网软件', '无');
INSERT INTO `courses_tb` VALUES ('531', '高级财务管理课程设计', '尹钧惠、高建来等', '100821-4', '40', '10', '120', '网中网软件', '18周周四第一节没排');
INSERT INTO `courses_tb` VALUES ('532', '会计信息系统', '金桂荣', '100821-4', '40', '20', '120', '用友U8软件', '无');
INSERT INTO `courses_tb` VALUES ('533', '会计信息系统', '金桂荣', '100821-4', '40', '20', '120', '用友U8软件', '无');
INSERT INTO `courses_tb` VALUES ('534', '物流系统分析与设计', '赵静娴', '110801-2', '10', '5', '62', '能使用Flexsim软件', '无');
INSERT INTO `courses_tb` VALUES ('535', '社会实践和学年论文', '龚玉霞、田桂玲', '100831-2', '16', '4', '74', '上外网', '无');
INSERT INTO `courses_tb` VALUES ('536', '计量经济学', '张国富', '102031-4', '10', '5', '120', '安装Eviews软件', '无');
INSERT INTO `courses_tb` VALUES ('537', '计量经济学', '张国富', '102031-4', '10', '5', '120', '安装Eviews软件', '无');
INSERT INTO `courses_tb` VALUES ('538', '电子商务', '张俊', '100801-2', '20', '10', '67', '上外网，使用网络服务', '无');
INSERT INTO `courses_tb` VALUES ('539', '数据结构', '张俊', '110861-2', '10', '5', '67', 'Visual C++ 6.0', '无');
INSERT INTO `courses_tb` VALUES ('540', 'VF语言', '张俊', '1208s1-3', '20', '10', '50', 'Visual Foxpro 6.0', '无');
INSERT INTO `courses_tb` VALUES ('541', 'ERP课程设计', '张俊', '100861-2', '80', '20', '65', 'SQL Server 2000，Visual Studio 2008', '原来是1-4节改为1-2节');
INSERT INTO `courses_tb` VALUES ('542', 'Internet应用基础', '张亮', '120911-2、120931-2、120941-2', '20', '10', '132', '上外网、Dreamweaver', '无');
INSERT INTO `courses_tb` VALUES ('543', '计算机网络', '李杨', '110861-2', '10', '5', '65', '可使用网络服务', '无');
INSERT INTO `courses_tb` VALUES ('544', '信息管理学', '任立肖', '120861-2', '10', '5', '65', '上外网，使用网络服务', '无');
INSERT INTO `courses_tb` VALUES ('545', 'Java', '武开', '100861-2', '20', '10', '65', 'Jdk1.5；mysql；myeclipse；tomcat', '无');
INSERT INTO `courses_tb` VALUES ('546', 'Java', '武开', '100861-2', '20', '10', '65', '考试', '无');
INSERT INTO `courses_tb` VALUES ('547', '面向对象的系统分析与设计', '檀柏红', '100861-2', '20', '10', '65', 'Rational rose 2003', '无');
INSERT INTO `courses_tb` VALUES ('548', '面向对象的系统分析与设计', '檀柏红', '100861-2', '20', '10', '65', 'Rational rose 2003', '无');
INSERT INTO `courses_tb` VALUES ('549', '数据库应用', '檀柏红', '100801-2、100821-4', '10', '6', '179', 'Visual foxpro 9.0 汉化版', '无');
INSERT INTO `courses_tb` VALUES ('550', 'C语言', '林挺', '120861-2', '20', '10', '70', 'Visual C++ 6.0', '无');
INSERT INTO `courses_tb` VALUES ('551', '数据库原理及应用', '林挺', '110861-2', '20', '10', '70', 'Sql server 2000', '无');
INSERT INTO `courses_tb` VALUES ('552', '数据库原理及应用', '林挺', '110861-2', '20', '10', '70', 'Sql server 2000', '无');
INSERT INTO `courses_tb` VALUES ('553', '人力资源E化管理实践', '纪巍', '2010级人力资源管理双学位', '60', '30', '70', '2003windows系统', '无');
INSERT INTO `courses_tb` VALUES ('554', '投资技术分析', '孙杰', '100821-4、100831-2', '20', '10', '195', '上外网东方财富通软件', '无');
INSERT INTO `courses_tb` VALUES ('555', '投资技术分析', '孙杰', '100821-4、100831-2', '20', '10', '195', '上外网东方财富通软件', '无');
INSERT INTO `courses_tb` VALUES ('556', '计量经济学', '贺小莉', '110821-2、110831-2', '10', '5', '120', '上外网及Eviews软件', '无');
INSERT INTO `courses_tb` VALUES ('557', '计量经济学', '贺小莉', '110821-2、110831-2', '10', '5', '120', '上外网及Eviews软件', '无');
INSERT INTO `courses_tb` VALUES ('558', '管理学管理学原理', '郝军芳、李 莉', '120831-2、120891、120731', '20', '3', '140', '上外网', '9:00-16:00');
INSERT INTO `courses_tb` VALUES ('559', '管理学管理学原理', '郝军芳、李 莉', '120831-2、120891、120731', '20', '3', '140', '上外网', '9:00-12:00');
INSERT INTO `courses_tb` VALUES ('560', '管理学', '郝军芳、李 莉', '120801-2、120811-2', '20', '3', '130', '上外网', '1:00-16:00\n9:00-16:00');
INSERT INTO `courses_tb` VALUES ('561', '管理学', '郝军芳、李 莉', '120801-2、120811-2', '20', '3', '130', '上外网', '1:00-16:00\n9:00-16:00');
INSERT INTO `courses_tb` VALUES ('562', '管理学', '郝军芳、李 莉', '120801-2、120811-2', '20', '3', '130', '上外网', '1:00-16:00\n9:00-16:00');
INSERT INTO `courses_tb` VALUES ('563', '管理学', '钟和隽、杨芳、张国富', '122031-3、122041-2', '20', '3', '150', '上外网', '1:00-16:00\n9:00-16:00');
INSERT INTO `courses_tb` VALUES ('564', '管理学', '钟和隽、杨芳、张国富', '122031-3、122041-2', '20', '3', '150', '上外网', '1:00-16:00\n9:00-16:00');
INSERT INTO `courses_tb` VALUES ('565', '管理学', '钟和隽、杨芳、张国富', '122031-3、122041-2', '20', '3', '150', '上外网', '1:00-16:00\n9:00-16:00');
INSERT INTO `courses_tb` VALUES ('566', '管理学', '杨芳、钟和隽', '120821-3', '20', '3', '100', '上外网', '9:00-16:00');
INSERT INTO `courses_tb` VALUES ('567', '管理学', '杨芳、钟和隽', '120821-3', '20', '3', '100', '上外网', '9:00-12:00');
INSERT INTO `courses_tb` VALUES ('568', '管理学', '柳娜、孙杰', '120861-2、120881-2、101121', '20', '3', '160', '上外网', '9:00-16:00');
INSERT INTO `courses_tb` VALUES ('569', '管理学', '柳娜、孙杰', '120861-2、120881-2、101121', '20', '3', '160', '上外网', '9:00-12:00');
INSERT INTO `courses_tb` VALUES ('570', '物流信息管理', '刘超', '100801-2', '10', '10', '66', '能上外网', '无');
INSERT INTO `courses_tb` VALUES ('571', 'MATLAB', '朱亮', '100521-2', '20', '5', '71', 'MATLAB7.0以上版本', '无');
INSERT INTO `courses_tb` VALUES ('572', '数据分析与可视化(Matlab语)', '王玉衡', '110531-2', '30', '15', '61', 'Matlab 2011b', '无');
INSERT INTO `courses_tb` VALUES ('573', '数字图像处理', '李秀梅', '100531-2', '20', '10', '60', 'ERDAS,Matlab2011b', '无');
INSERT INTO `courses_tb` VALUES ('574', '数字图像处理', '李秀梅', '100531-2', '20', '10', '60', 'ERDAS,Matlab2011b', '无');
INSERT INTO `courses_tb` VALUES ('575', '海洋遥感技术', '李伟', '100531-2', '20', '10', '60', 'IDL软件', '无');
INSERT INTO `courses_tb` VALUES ('576', '海洋遥感技术', '李伟', '100531-2', '20', '10', '60', 'IDL软件', '无');
INSERT INTO `courses_tb` VALUES ('577', '化工计算机应用', '周桓', '100521-2', '20', '10', '71', 'Metlab和ASPEN plus', '无');
INSERT INTO `courses_tb` VALUES ('578', '生物统计与生物信息学', '宋东辉', '100511-2', '10', '5', '64', 'Win XP系统，512M 内存，畅通的互联网外网（网速512kbs以上）', '无');
INSERT INTO `courses_tb` VALUES ('579', '生物统计与生物信息学', '宋东辉', '100511-2', '10', '5', '64', 'Win XP系统，512M 内存，畅通的互联网外网（网速512kbs以上）', '无');
INSERT INTO `courses_tb` VALUES ('580', '生物统计与生物信息学', '宋东辉', '100511-2', '10', '5', '64', 'Win XP系统，512M 内存，畅通的互联网外网（网速512kbs以上）', '无');
INSERT INTO `courses_tb` VALUES ('581', '生物统计与生物信息学', '宋东辉', '100511-2', '10', '5', '64', 'Win XP系统，512M 内存，畅通的互联网外网（网速512kbs以上）', '无');
INSERT INTO `courses_tb` VALUES ('582', '环境遥感与地理信息系统', '孙佐辉', '100561-2', '30', '15', '63', 'Mapinfo\\Surfer\\ArcView 等3S软件', '无');
INSERT INTO `courses_tb` VALUES ('583', '环境遥感与地理信息系统', '孙佐辉', '100561-2', '30', '15', '63', 'Mapinfo\\Surfer\\ArcView 等3S软件', '无');
INSERT INTO `courses_tb` VALUES ('584', '高分子模具CAD', '高雨茁', '100321-4', '32', '16', '130', 'Pro/Engineer软件', '无');
INSERT INTO `courses_tb` VALUES ('585', '高分子模具CAD', '高雨茁', '100321-4', '32', '16', '130', 'Pro/Engineer软件', '无');
INSERT INTO `courses_tb` VALUES ('586', '计算机辅助设计', '洪义梅、张瑞霞', '110311-4', '20', '10', '120', '安装Auto CAD软件', '无');
INSERT INTO `courses_tb` VALUES ('587', '计算机辅助设计', '洪义梅、张瑞霞', '110311-4', '20', '10', '120', '安装Auto CAD软件', '无');
INSERT INTO `courses_tb` VALUES ('588', '计算机辅助设计', '洪义梅、张瑞霞', '110311-4', '20', '10', '120', '安装Auto CAD软件', '无');
INSERT INTO `courses_tb` VALUES ('589', '化工原理实验', '郝庆兰', '100331-4', '4', '1', '120', '化工原理三维仿真实验软件', '无');
INSERT INTO `courses_tb` VALUES ('590', '化工原理实验', '郝建东', '100451-2', '4', '1', '60', '化工原理三维仿真实验软件', '无');
INSERT INTO `courses_tb` VALUES ('591', '化工原理实验', '杨宗政', '100461-2', '4', '1', '60', '化工原理三维仿真实验软件', '无');
INSERT INTO `courses_tb` VALUES ('592', '化工原理实验', '张建伟', '100311-4', '4', '1', '120', '化工原理三维仿真实验软件', '无');
INSERT INTO `courses_tb` VALUES ('593', '化工原理实验', '贾原媛', '100431-2', '4', '1', '60', '化工原理三维仿真实验软件', '无');
INSERT INTO `courses_tb` VALUES ('594', '化工原理实验', '贾原媛', '101421-2', '4', '1', '60', '化工原理三维仿真实验软件', '无');
INSERT INTO `courses_tb` VALUES ('595', '化工原理实验', '晏丽红', '100521-2', '4', '1', '60', '化工原理三维仿真实验软件', '无');
INSERT INTO `courses_tb` VALUES ('596', '化工原理实验', '晏丽红', '100421-2', '4', '1', '60', '化工原理三维仿真实验软件', '无');
INSERT INTO `courses_tb` VALUES ('597', '文献检索与科技论文写作', '王高升', '1103s1-2', '20', '10', '59', '因特网、PDF文件阅读器等', '无');
INSERT INTO `courses_tb` VALUES ('598', '文献检索与科技论文写作', '王高升', '1103s1-2', '20', '10', '59', '因特网、PDF文件阅读器等', '无');
INSERT INTO `courses_tb` VALUES ('599', '工程制图（Ⅱ）', '唐洪涛', '120171-2', '14', '7', '70', 'AUTOCAD机绘', '无');
INSERT INTO `courses_tb` VALUES ('600', '工程制图（化类）', '唐洪涛', '120311-2', '14', '7', '70', 'AUTOCAD机绘', '无');
INSERT INTO `courses_tb` VALUES ('601', '工程制图（化类）', '唐洪涛', '121421-3', '14', '7', '90', 'AUTOCAD机绘', '无');
INSERT INTO `courses_tb` VALUES ('602', '工程制图及计算机绘图', '唐洪涛', '120521-2', '14', '7', '70', 'AUTOCAD机绘', '无');
INSERT INTO `courses_tb` VALUES ('603', '工程制图（Ⅱ）', '姚涵珍', '120141-2', '14', '7', '70', 'AUTOCAD机绘', '无');
INSERT INTO `courses_tb` VALUES ('604', '工程制图（化类）', '姚涵珍', '120333-4', '14', '7', '70', 'AUTOCAD机绘', '无');
INSERT INTO `courses_tb` VALUES ('605', '工程制图（机械、建筑）', '郭志全', '120561-2', '20', '10', '70', 'AUTOCAD机绘', '无');
INSERT INTO `courses_tb` VALUES ('606', '工程制图（机械、建筑）', '郭志全', '120551-2', '30', '15', '70', 'AUTOCAD机绘', '无');
INSERT INTO `courses_tb` VALUES ('607', '工程制图（机械、建筑）', '郭志全', '120551-2', '30', '15', '70', 'AUTOCAD机绘', '无');
INSERT INTO `courses_tb` VALUES ('608', '机械制图（II）', '郭志全', '120133-4', '14', '7', '70', 'AUTOCAD机绘', '无');
INSERT INTO `courses_tb` VALUES ('609', '机械制图（II）', '郭志全', '120133-4', '14', '7', '70', 'AUTOCAD机绘', '无');
INSERT INTO `courses_tb` VALUES ('610', '机械制图（II）', '周桂英', '120121-2', '14', '7', '70', 'AUTOCAD机绘', '无');
INSERT INTO `courses_tb` VALUES ('611', '机械制图（II）', '周桂英', '120121-2', '14', '7', '70', 'AUTOCAD机绘', '无');
INSERT INTO `courses_tb` VALUES ('612', '工程制图（化类）', '周桂英', '120313-4', '14', '7', '70', 'AUTOCAD机绘', '无');
INSERT INTO `courses_tb` VALUES ('613', '工程制图（化类）', '周桂英', '1204s1-2', '14', '7', '70', 'AUTOCAD机绘', '无');
INSERT INTO `courses_tb` VALUES ('614', '机械制图（II）', '张惠云', '120111-2', '14', '7', '70', 'AUTOCAD机绘', '无');
INSERT INTO `courses_tb` VALUES ('615', '机械制图（II）', '张惠云', '120111-2', '14', '7', '70', 'AUTOCAD机绘', '无');
INSERT INTO `courses_tb` VALUES ('616', '机械制图及计算机绘图', '张惠云', '1203s1-2', '26', '13', '70', 'AUTOCAD机绘', '无');
INSERT INTO `courses_tb` VALUES ('617', '机械制图及计算机绘图', '张惠云', '1203s1-2', '26', '13', '70', 'AUTOCAD机绘', '无');
INSERT INTO `courses_tb` VALUES ('618', '工程制图（化类）', '楚大庆', '120461-2', '14', '7', '70', 'AUTOCAD机绘', '无');
INSERT INTO `courses_tb` VALUES ('619', '工程制图（电类）', '楚大庆', '121011-2', '14', '7', '70', 'AUTOCAD机绘', '无');
INSERT INTO `courses_tb` VALUES ('620', '工程制图（电类）', '楚大庆', '121013-4', '14', '7', '70', 'AUTOCAD机绘', '无');
INSERT INTO `courses_tb` VALUES ('621', '工程制图', '刘文章', '110801-2', '14', '7', '70', 'AUTOCAD机绘', '无');
INSERT INTO `courses_tb` VALUES ('622', '工程制图（化类）', '刘文章', '120451-2', '14', '7', '70', 'AUTOCAD机绘', '无');
INSERT INTO `courses_tb` VALUES ('623', '工程制图（化类）', '刘文章', '120451-2', '14', '7', '70', 'AUTOCAD机绘', '无');
INSERT INTO `courses_tb` VALUES ('624', '工程制图（化类）', '刘文章', '120451-2', '14', '7', '70', 'AUTOCAD机绘', '无');
INSERT INTO `courses_tb` VALUES ('625', '工程制图（化类）', '范竞芳', '120331-2', '14', '7', '70', 'AUTOCAD机绘', '无');
INSERT INTO `courses_tb` VALUES ('626', '工程制图（化类）', '范竞芳', '120331-2', '14', '7', '70', 'AUTOCAD机绘', '无');
INSERT INTO `courses_tb` VALUES ('627', '机械制图（II）', '范竞芳', '120181-2', '14', '7', '70', 'AUTOCAD机绘', '无');
INSERT INTO `courses_tb` VALUES ('628', '机械制图（II）', '范竞芳', '120181-2', '14', '7', '70', 'AUTOCAD机绘', '无');
INSERT INTO `courses_tb` VALUES ('629', '计算机辅助设计', '范竞芳', '110421-2、110431-2', '20', '10', '140', 'AUTOCAD机绘', '无');
INSERT INTO `courses_tb` VALUES ('630', '计算机辅助设计', '范竞芳', '110421-2、110431-2', '20', '10', '140', 'AUTOCAD机绘', '无');
INSERT INTO `courses_tb` VALUES ('631', '计算机辅助设计', '范竞芳', '110421-2、110431-2', '20', '10', '140', 'AUTOCAD机绘', '无');
INSERT INTO `courses_tb` VALUES ('632', '工程制图（化类）', '刘明涛', '120421-2', '14', '7', '70', 'AUTOCAD机绘', '无');
INSERT INTO `courses_tb` VALUES ('633', '机械制图（ II）', '刘明涛', '1201s1-2', '14', '7', '70', 'AUTOCAD机绘', '无');
INSERT INTO `courses_tb` VALUES ('634', '机械制图（ II）', '刘明涛', '1201s1-2', '14', '7', '70', 'AUTOCAD机绘', '无');
INSERT INTO `courses_tb` VALUES ('635', '工程制图（化类）', '刘合荣', '120431-2', '14', '7', '70', 'AUTOCAD机绘', '无');
INSERT INTO `courses_tb` VALUES ('636', '机械制图（ II）', '刘合荣', '120131-2', '14', '7', '70', 'AUTOCAD机绘', '无');
INSERT INTO `courses_tb` VALUES ('637', '机械制图（ II）', '刘合荣', '120131-2', '14', '7', '70', 'AUTOCAD机绘', '无');
INSERT INTO `courses_tb` VALUES ('638', '计算机辅助设计', '刘合荣', '1104S1-2', '20', '10', '70', 'AUTOCAD机绘', '无');
INSERT INTO `courses_tb` VALUES ('639', '计算机辅助设计', '刘合荣', '1104S1-2', '20', '10', '70', 'AUTOCAD机绘', '无');
INSERT INTO `courses_tb` VALUES ('640', '工程制图', '郑圣子', '120151-2', '14', '7', '63', 'Autocad2007以上', '无');
INSERT INTO `courses_tb` VALUES ('641', '机械制图（ II）', '李彦启', '120123-4', '14', '7', '70', 'AUTOCAD机绘', '无');
INSERT INTO `courses_tb` VALUES ('642', '机械制图（ II）', '李彦启', '120123-4', '14', '7', '70', 'AUTOCAD机绘', '无');
INSERT INTO `courses_tb` VALUES ('643', '机械制图（ II）', '邢鸿雁', '120161-2', '14', '7', '70', 'AUTOCAD机绘', '无');
INSERT INTO `courses_tb` VALUES ('644', '机械制图及计算机绘图', '邢鸿雁', '1103s1-2', '26', '13', '70', 'AUTOCAD机绘', '无');
INSERT INTO `courses_tb` VALUES ('645', '机械制图及计算机绘图', '邢鸿雁', '1103s1-2', '26', '13', '70', 'AUTOCAD机绘', '无');
INSERT INTO `courses_tb` VALUES ('646', '机械制图及计算机绘图', '邢鸿雁', '1103s1-2', '26', '13', '70', 'AUTOCAD机绘', '无');
INSERT INTO `courses_tb` VALUES ('647', '计算机辅助图形设计', '赵俊芬', '120141-2', '40', '20', '70', 'photoshopCS版本以上、corelDRAW11版本以上', '无');
INSERT INTO `courses_tb` VALUES ('648', '英语阅读（2）', 'Mick', '122041(部分)', '36', '18', '30', '英文系统，能上网', '无');
INSERT INTO `courses_tb` VALUES ('649', '英语听力（2）', 'Ruby', '122042(部分)', '36', '18', '30', '英文系统，能上网', '无');
INSERT INTO `courses_tb` VALUES ('650', '英语听力（2）', 'Ruby', '122042(部分)', '36', '18', '30', '英文系统，能上网', '无');
INSERT INTO `courses_tb` VALUES ('651', '英语会话（2）', 'Mary Jean', '122041+42(部分）', '36', '18', '30', '英文系统，能上网', '无');
INSERT INTO `courses_tb` VALUES ('652', '微机在食品科技中的应用', '李文钊、刘会平', '101421-2', '20', '10', '60', 'Word,Excel(数据工具库)，网络、SAS', '无');
INSERT INTO `courses_tb` VALUES ('653', '微机在食品科技中的应用', '李文钊、刘会平', '101421-2', '20', '10', '60', 'Word,Excel(数据工具库)，网络、SAS', '无');
INSERT INTO `courses_tb` VALUES ('654', '食品工程CAD', '陈野', '101421', '14', '7', '60', 'AUTOCAD2009', '无');
INSERT INTO `courses_tb` VALUES ('655', '食品工程CAD', '陈野', '101421', '14', '7', '60', 'AUTOCAD2009', '无');
INSERT INTO `courses_tb` VALUES ('656', '文献检索', '陈大辉', '公选课100-23013', '6', '3', '216', '校园网、CAJ、PDF阅读器', '无');
INSERT INTO `courses_tb` VALUES ('657', '文献检索', '张红岩', '公选课100-23018', '6', '3', '216', '校园网、CAJ、PDF阅读器', '无');
INSERT INTO `courses_tb` VALUES ('658', '大学生就业指导', '吴君', '公选课', '2', '1', '216', '无', '无');
INSERT INTO `courses_tb` VALUES ('659', '大学生就业指导', '许涛', '公选课', '2', '1', '216', '无', '无');
INSERT INTO `courses_tb` VALUES ('660', '大学生就业指导', '崔永根', '公选课', '2', '1', '216', '无', '无');
INSERT INTO `courses_tb` VALUES ('661', '大学生就业指导', '席一政', '公选课', '2', '1', '216', '无', '无');
INSERT INTO `courses_tb` VALUES ('662', '大学生就业指导', '王培然', '公选课', '2', '1', '224', '无', '无');
INSERT INTO `courses_tb` VALUES ('663', '大学生就业指导', '丁践', '公选课', '2', '1', '216', '无', '无');
INSERT INTO `courses_tb` VALUES ('664', '大学生就业指导', '李文福', '公选课', '2', '1', '216', '无', '无');
INSERT INTO `courses_tb` VALUES ('665', '大学生就业指导', '王蕾', '公选课', '2', '1', '224', '无', '无');
INSERT INTO `courses_tb` VALUES ('666', '大学生就业指导', '赵彦莉', '公选课', '2', '1', '276', '无', '无');
INSERT INTO `courses_tb` VALUES ('667', '大学生就业指导', '林琳', '公选课', '2', '1', '216', '无', '无');
INSERT INTO `courses_tb` VALUES ('668', '大学生就业指导', '陈诗滔', '公选课', '2', '1', '276', '无', '无');
INSERT INTO `courses_tb` VALUES ('669', '大学生就业指导', '李新艳', '公选课', '2', '1', '216', '无', '无');
INSERT INTO `courses_tb` VALUES ('670', '大学生就业指导', '陈延娜', '公选课', '2', '1', '216', '无', '无');
INSERT INTO `courses_tb` VALUES ('671', '大学生就业指导', '曹慧', '公选课', '2', '1', '216', '无', '无');
INSERT INTO `courses_tb` VALUES ('672', '大学生就业指导', '徐静', '公选课', '2', '1', '224', '无', '无');
INSERT INTO `courses_tb` VALUES ('673', '大学生就业指导', '魏连江', '公选课', '2', '1', '216', '无', '无');
INSERT INTO `courses_tb` VALUES ('674', '计算机组成原理', '张晓丽', '111121-2', '10', '5', '60', '需要安装Verilog软件', '无');

-- ----------------------------
-- Table structure for `exprecords_tb`
-- ----------------------------
DROP TABLE IF EXISTS `exprecords_tb`;
CREATE TABLE `exprecords_tb` (
  `RecordID` bigint(20) NOT NULL AUTO_INCREMENT COMMENT '主键，自增，实验记录编号',
  `CourseName` varchar(50) DEFAULT NULL COMMENT '课程名称',
  `ExpName` varchar(50) DEFAULT NULL COMMENT '实验名称',
  `ExpClasses` varchar(50) DEFAULT NULL COMMENT '实验班级',
  `Shoulder` int(11) DEFAULT NULL COMMENT '应到人数',
  `Realizer` int(11) DEFAULT NULL COMMENT '实到人数',
  `Groups` int(11) DEFAULT NULL COMMENT '实验组数',
  `PerGroup` int(11) DEFAULT NULL COMMENT '每组人数',
  `StudentStatus` varchar(200) DEFAULT NULL COMMENT '学生出勤情况',
  `InstrumentStatus` varchar(200) DEFAULT NULL COMMENT '仪器使用情况',
  `Problems` varchar(200) DEFAULT NULL COMMENT '是否出现问题',
  `TeacherName` varchar(50) DEFAULT NULL COMMENT '教师姓名',
  `TeacherNumber` varchar(50) DEFAULT NULL COMMENT '教工号',
  `StudentName` varchar(50) DEFAULT NULL COMMENT '学生姓名',
  `ExpCls` tinyint(4) DEFAULT NULL COMMENT '上课节次',
  `PostTime` datetime DEFAULT NULL COMMENT '提交时间',
  `ExpDate` datetime DEFAULT NULL COMMENT '实验日期',
  `ExpLab` varchar(50) DEFAULT NULL COMMENT '实验机房',
  `ExpTerm` int(11) DEFAULT NULL COMMENT '实验学期，外键Terms_tb-TermID',
  `ExpWeek` tinyint(4) DEFAULT NULL COMMENT '实验周次',
  `ExpWeekDay` tinyint(4) DEFAULT NULL COMMENT '实验工作日',
  `ExpLabID` int(11) DEFAULT NULL COMMENT '实验室机房ID，外键Labs_tb-LabID',
  PRIMARY KEY (`RecordID`),
  KEY `ExpTerm` (`ExpTerm`),
  KEY `ExpLabID` (`ExpLabID`),
  CONSTRAINT `exprecords_tb_ibfk_1` FOREIGN KEY (`ExpTerm`) REFERENCES `terms_tb` (`TermID`) ON DELETE SET NULL ON UPDATE CASCADE,
  CONSTRAINT `exprecords_tb_ibfk_2` FOREIGN KEY (`ExpLabID`) REFERENCES `labs_tb` (`LabID`) ON DELETE SET NULL ON UPDATE CASCADE
) ENGINE=InnoDB AUTO_INCREMENT=4 DEFAULT CHARSET=utf8;

-- ----------------------------
-- Records of exprecords_tb
-- ----------------------------

-- ----------------------------
-- Table structure for `labs_tb`
-- ----------------------------
DROP TABLE IF EXISTS `labs_tb`;
CREATE TABLE `labs_tb` (
  `LabID` int(10) NOT NULL AUTO_INCREMENT COMMENT '主键，自增，实验室编号',
  `LabName` varchar(50) NOT NULL COMMENT '实验室名',
  `LabAdmin` int(11) DEFAULT NULL COMMENT '实验室管理员，外键admins_tb-adminID',
  `LabAddr` varchar(50) DEFAULT NULL COMMENT '实验室地点',
  `LabIP` varchar(50) DEFAULT NULL COMMENT '实验室教师机IP',
  `LabKeyWord` varchar(50) DEFAULT NULL COMMENT '实验室关键字，用于课表导入',
  PRIMARY KEY (`LabID`),
  KEY `LabAdmin` (`LabAdmin`),
  CONSTRAINT `labs_tb_ibfk_1` FOREIGN KEY (`LabAdmin`) REFERENCES `admins_tb` (`AdminID`) ON DELETE SET NULL ON UPDATE CASCADE
) ENGINE=InnoDB AUTO_INCREMENT=10 DEFAULT CHARSET=utf8;

-- ----------------------------
-- Records of labs_tb
-- ----------------------------
INSERT INTO `labs_tb` VALUES ('1', '第六机房', null, null, null, '六机房');
INSERT INTO `labs_tb` VALUES ('2', '第五机房', null, null, null, '五机房');
INSERT INTO `labs_tb` VALUES ('3', '第四机房', null, null, null, '四机房');
INSERT INTO `labs_tb` VALUES ('4', '515机房', null, null, null, '525');
INSERT INTO `labs_tb` VALUES ('5', '520机房', null, null, null, '520');
INSERT INTO `labs_tb` VALUES ('6', '505机房', null, null, null, '505');
INSERT INTO `labs_tb` VALUES ('7', '516机房', null, null, null, '516');
INSERT INTO `labs_tb` VALUES ('8', '518机房', null, null, null, '518');
INSERT INTO `labs_tb` VALUES ('9', '508机房', null, null, null, '508');

-- ----------------------------
-- Table structure for `poptimes_tb`
-- ----------------------------
DROP TABLE IF EXISTS `poptimes_tb`;
CREATE TABLE `poptimes_tb` (
  `PopTimeID` int(11) NOT NULL AUTO_INCREMENT COMMENT '主键，自增，窗口弹出时刻编号',
  `PopTime` time NOT NULL COMMENT '弹出时间',
  PRIMARY KEY (`PopTimeID`)
) ENGINE=InnoDB AUTO_INCREMENT=8 DEFAULT CHARSET=utf8;

-- ----------------------------
-- Records of poptimes_tb
-- ----------------------------
INSERT INTO `poptimes_tb` VALUES ('7', '10:00:00');

-- ----------------------------
-- Table structure for `schedule_tb`
-- ----------------------------
DROP TABLE IF EXISTS `schedule_tb`;
CREATE TABLE `schedule_tb` (
  `ScdID` int(11) NOT NULL AUTO_INCREMENT COMMENT '主键，自增，课程安排编号',
  `ScdCrs` int(11) NOT NULL COMMENT '上课课程，外键courses_tb-CrsID',
  `ScdWeek` tinyint(4) NOT NULL COMMENT '上课周次',
  `ScdWeekDay` tinyint(4) NOT NULL COMMENT '上课工作日，周日值为0',
  `ScdClass` int(4) NOT NULL COMMENT '上课课节，外键classTimes_tb-ClsTmIndex',
  `ScdLab` int(11) NOT NULL COMMENT '上课实验室，外键labs_tb-LabID',
  `ScdTerm` int(10) NOT NULL COMMENT '上机学期，外键terms_tb-TermID',
  PRIMARY KEY (`ScdID`),
  KEY `ScdCrs` (`ScdCrs`),
  KEY `ScdClass` (`ScdClass`),
  KEY `ScdLab` (`ScdLab`),
  KEY `ScdTerm` (`ScdTerm`),
  CONSTRAINT `schedule_tb_ibfk_1` FOREIGN KEY (`ScdCrs`) REFERENCES `courses_tb` (`CrsID`) ON DELETE CASCADE ON UPDATE CASCADE,
  CONSTRAINT `schedule_tb_ibfk_2` FOREIGN KEY (`ScdClass`) REFERENCES `classtimes_tb` (`ClsTmIndex`) ON DELETE CASCADE ON UPDATE NO ACTION,
  CONSTRAINT `schedule_tb_ibfk_3` FOREIGN KEY (`ScdLab`) REFERENCES `labs_tb` (`LabID`) ON DELETE CASCADE ON UPDATE CASCADE,
  CONSTRAINT `schedule_tb_ibfk_4` FOREIGN KEY (`ScdTerm`) REFERENCES `terms_tb` (`TermID`) ON DELETE CASCADE ON UPDATE CASCADE
) ENGINE=InnoDB AUTO_INCREMENT=11179 DEFAULT CHARSET=utf8;

-- ----------------------------
-- Records of schedule_tb
-- ----------------------------
INSERT INTO `schedule_tb` VALUES ('9666', '477', '3', '4', '5', '2', '1');
INSERT INTO `schedule_tb` VALUES ('9667', '477', '4', '4', '5', '2', '1');
INSERT INTO `schedule_tb` VALUES ('9668', '477', '5', '4', '5', '2', '1');
INSERT INTO `schedule_tb` VALUES ('9669', '477', '6', '4', '5', '2', '1');
INSERT INTO `schedule_tb` VALUES ('9670', '477', '7', '4', '5', '2', '1');
INSERT INTO `schedule_tb` VALUES ('9671', '477', '8', '4', '5', '2', '1');
INSERT INTO `schedule_tb` VALUES ('9672', '477', '9', '4', '5', '2', '1');
INSERT INTO `schedule_tb` VALUES ('9673', '477', '10', '4', '5', '2', '1');
INSERT INTO `schedule_tb` VALUES ('9674', '478', '2', '2', '1', '3', '1');
INSERT INTO `schedule_tb` VALUES ('9675', '478', '3', '2', '1', '3', '1');
INSERT INTO `schedule_tb` VALUES ('9676', '478', '4', '2', '1', '3', '1');
INSERT INTO `schedule_tb` VALUES ('9677', '478', '5', '2', '1', '3', '1');
INSERT INTO `schedule_tb` VALUES ('9678', '478', '6', '2', '1', '3', '1');
INSERT INTO `schedule_tb` VALUES ('9679', '478', '7', '2', '1', '3', '1');
INSERT INTO `schedule_tb` VALUES ('9680', '478', '8', '2', '1', '3', '1');
INSERT INTO `schedule_tb` VALUES ('9681', '478', '9', '2', '1', '3', '1');
INSERT INTO `schedule_tb` VALUES ('9682', '478', '10', '2', '1', '3', '1');
INSERT INTO `schedule_tb` VALUES ('9683', '478', '11', '2', '1', '3', '1');
INSERT INTO `schedule_tb` VALUES ('9684', '478', '12', '2', '1', '3', '1');
INSERT INTO `schedule_tb` VALUES ('9685', '478', '13', '2', '1', '3', '1');
INSERT INTO `schedule_tb` VALUES ('9686', '478', '14', '2', '1', '3', '1');
INSERT INTO `schedule_tb` VALUES ('9687', '479', '2', '4', '4', '3', '1');
INSERT INTO `schedule_tb` VALUES ('9688', '479', '3', '4', '4', '3', '1');
INSERT INTO `schedule_tb` VALUES ('9689', '479', '4', '4', '4', '3', '1');
INSERT INTO `schedule_tb` VALUES ('9690', '479', '5', '4', '4', '3', '1');
INSERT INTO `schedule_tb` VALUES ('9691', '479', '6', '4', '4', '3', '1');
INSERT INTO `schedule_tb` VALUES ('9692', '479', '7', '4', '4', '3', '1');
INSERT INTO `schedule_tb` VALUES ('9693', '479', '8', '4', '4', '3', '1');
INSERT INTO `schedule_tb` VALUES ('9694', '479', '9', '4', '4', '3', '1');
INSERT INTO `schedule_tb` VALUES ('9695', '479', '10', '4', '4', '3', '1');
INSERT INTO `schedule_tb` VALUES ('9696', '479', '11', '4', '4', '3', '1');
INSERT INTO `schedule_tb` VALUES ('9697', '479', '12', '4', '4', '3', '1');
INSERT INTO `schedule_tb` VALUES ('9698', '479', '13', '4', '4', '3', '1');
INSERT INTO `schedule_tb` VALUES ('9699', '479', '14', '4', '4', '3', '1');
INSERT INTO `schedule_tb` VALUES ('9700', '480', '2', '2', '3', '1', '1');
INSERT INTO `schedule_tb` VALUES ('9701', '480', '3', '2', '3', '1', '1');
INSERT INTO `schedule_tb` VALUES ('9702', '480', '4', '2', '3', '1', '1');
INSERT INTO `schedule_tb` VALUES ('9703', '480', '5', '2', '3', '1', '1');
INSERT INTO `schedule_tb` VALUES ('9704', '480', '6', '2', '3', '1', '1');
INSERT INTO `schedule_tb` VALUES ('9705', '480', '7', '2', '3', '1', '1');
INSERT INTO `schedule_tb` VALUES ('9706', '480', '8', '2', '3', '1', '1');
INSERT INTO `schedule_tb` VALUES ('9707', '480', '9', '2', '3', '1', '1');
INSERT INTO `schedule_tb` VALUES ('9708', '480', '10', '2', '3', '1', '1');
INSERT INTO `schedule_tb` VALUES ('9709', '480', '11', '2', '3', '1', '1');
INSERT INTO `schedule_tb` VALUES ('9710', '480', '12', '2', '3', '1', '1');
INSERT INTO `schedule_tb` VALUES ('9711', '480', '13', '2', '3', '1', '1');
INSERT INTO `schedule_tb` VALUES ('9712', '480', '14', '2', '3', '1', '1');
INSERT INTO `schedule_tb` VALUES ('9713', '481', '3', '2', '5', '1', '1');
INSERT INTO `schedule_tb` VALUES ('9714', '481', '4', '2', '5', '1', '1');
INSERT INTO `schedule_tb` VALUES ('9715', '481', '5', '2', '5', '1', '1');
INSERT INTO `schedule_tb` VALUES ('9716', '481', '6', '2', '5', '1', '1');
INSERT INTO `schedule_tb` VALUES ('9717', '481', '7', '2', '5', '1', '1');
INSERT INTO `schedule_tb` VALUES ('9718', '481', '8', '2', '5', '1', '1');
INSERT INTO `schedule_tb` VALUES ('9719', '481', '9', '2', '5', '1', '1');
INSERT INTO `schedule_tb` VALUES ('9720', '481', '10', '2', '5', '1', '1');
INSERT INTO `schedule_tb` VALUES ('9721', '482', '2', '2', '2', '3', '1');
INSERT INTO `schedule_tb` VALUES ('9722', '482', '3', '2', '2', '3', '1');
INSERT INTO `schedule_tb` VALUES ('9723', '482', '4', '2', '2', '3', '1');
INSERT INTO `schedule_tb` VALUES ('9724', '482', '5', '2', '2', '3', '1');
INSERT INTO `schedule_tb` VALUES ('9725', '482', '6', '2', '2', '3', '1');
INSERT INTO `schedule_tb` VALUES ('9726', '482', '7', '2', '2', '3', '1');
INSERT INTO `schedule_tb` VALUES ('9727', '482', '8', '2', '2', '3', '1');
INSERT INTO `schedule_tb` VALUES ('9728', '482', '9', '2', '2', '3', '1');
INSERT INTO `schedule_tb` VALUES ('9729', '482', '10', '2', '2', '3', '1');
INSERT INTO `schedule_tb` VALUES ('9730', '482', '11', '2', '2', '3', '1');
INSERT INTO `schedule_tb` VALUES ('9731', '482', '12', '2', '2', '3', '1');
INSERT INTO `schedule_tb` VALUES ('9732', '482', '13', '2', '2', '3', '1');
INSERT INTO `schedule_tb` VALUES ('9733', '482', '14', '2', '2', '3', '1');
INSERT INTO `schedule_tb` VALUES ('9734', '483', '2', '4', '2', '3', '1');
INSERT INTO `schedule_tb` VALUES ('9735', '483', '3', '4', '2', '3', '1');
INSERT INTO `schedule_tb` VALUES ('9736', '483', '4', '4', '2', '3', '1');
INSERT INTO `schedule_tb` VALUES ('9737', '483', '5', '4', '2', '3', '1');
INSERT INTO `schedule_tb` VALUES ('9738', '483', '6', '4', '2', '3', '1');
INSERT INTO `schedule_tb` VALUES ('9739', '483', '7', '4', '2', '3', '1');
INSERT INTO `schedule_tb` VALUES ('9740', '483', '8', '4', '2', '3', '1');
INSERT INTO `schedule_tb` VALUES ('9741', '483', '9', '4', '2', '3', '1');
INSERT INTO `schedule_tb` VALUES ('9742', '483', '10', '4', '2', '3', '1');
INSERT INTO `schedule_tb` VALUES ('9743', '483', '11', '4', '2', '3', '1');
INSERT INTO `schedule_tb` VALUES ('9744', '483', '12', '4', '2', '3', '1');
INSERT INTO `schedule_tb` VALUES ('9745', '483', '13', '4', '2', '3', '1');
INSERT INTO `schedule_tb` VALUES ('9746', '483', '14', '4', '2', '3', '1');
INSERT INTO `schedule_tb` VALUES ('9747', '484', '2', '2', '4', '3', '1');
INSERT INTO `schedule_tb` VALUES ('9748', '484', '3', '2', '4', '3', '1');
INSERT INTO `schedule_tb` VALUES ('9749', '484', '4', '2', '4', '3', '1');
INSERT INTO `schedule_tb` VALUES ('9750', '484', '5', '2', '4', '3', '1');
INSERT INTO `schedule_tb` VALUES ('9751', '484', '6', '2', '4', '3', '1');
INSERT INTO `schedule_tb` VALUES ('9752', '484', '7', '2', '4', '3', '1');
INSERT INTO `schedule_tb` VALUES ('9753', '484', '8', '2', '4', '3', '1');
INSERT INTO `schedule_tb` VALUES ('9754', '484', '9', '2', '4', '3', '1');
INSERT INTO `schedule_tb` VALUES ('9755', '484', '10', '2', '4', '3', '1');
INSERT INTO `schedule_tb` VALUES ('9756', '484', '11', '2', '4', '3', '1');
INSERT INTO `schedule_tb` VALUES ('9757', '484', '12', '2', '4', '3', '1');
INSERT INTO `schedule_tb` VALUES ('9758', '484', '13', '2', '4', '3', '1');
INSERT INTO `schedule_tb` VALUES ('9759', '484', '14', '2', '4', '3', '1');
INSERT INTO `schedule_tb` VALUES ('9760', '485', '3', '1', '5', '1', '1');
INSERT INTO `schedule_tb` VALUES ('9761', '485', '4', '1', '5', '1', '1');
INSERT INTO `schedule_tb` VALUES ('9762', '485', '5', '1', '5', '1', '1');
INSERT INTO `schedule_tb` VALUES ('9763', '485', '6', '1', '5', '1', '1');
INSERT INTO `schedule_tb` VALUES ('9764', '485', '7', '1', '5', '1', '1');
INSERT INTO `schedule_tb` VALUES ('9765', '485', '8', '1', '5', '1', '1');
INSERT INTO `schedule_tb` VALUES ('9766', '485', '9', '1', '5', '1', '1');
INSERT INTO `schedule_tb` VALUES ('9767', '485', '10', '1', '5', '1', '1');
INSERT INTO `schedule_tb` VALUES ('9768', '486', '2', '1', '4', '2', '1');
INSERT INTO `schedule_tb` VALUES ('9769', '486', '3', '1', '4', '2', '1');
INSERT INTO `schedule_tb` VALUES ('9770', '486', '4', '1', '4', '2', '1');
INSERT INTO `schedule_tb` VALUES ('9771', '486', '5', '1', '4', '2', '1');
INSERT INTO `schedule_tb` VALUES ('9772', '486', '6', '1', '4', '2', '1');
INSERT INTO `schedule_tb` VALUES ('9773', '486', '7', '1', '4', '2', '1');
INSERT INTO `schedule_tb` VALUES ('9774', '486', '8', '1', '4', '2', '1');
INSERT INTO `schedule_tb` VALUES ('9775', '486', '9', '1', '4', '2', '1');
INSERT INTO `schedule_tb` VALUES ('9776', '486', '10', '1', '4', '2', '1');
INSERT INTO `schedule_tb` VALUES ('9777', '486', '11', '1', '4', '2', '1');
INSERT INTO `schedule_tb` VALUES ('9778', '486', '12', '1', '4', '2', '1');
INSERT INTO `schedule_tb` VALUES ('9779', '486', '13', '1', '4', '2', '1');
INSERT INTO `schedule_tb` VALUES ('9780', '486', '14', '1', '4', '2', '1');
INSERT INTO `schedule_tb` VALUES ('9781', '487', '2', '2', '4', '2', '1');
INSERT INTO `schedule_tb` VALUES ('9782', '487', '3', '2', '4', '2', '1');
INSERT INTO `schedule_tb` VALUES ('9783', '487', '4', '2', '4', '2', '1');
INSERT INTO `schedule_tb` VALUES ('9784', '487', '5', '2', '4', '2', '1');
INSERT INTO `schedule_tb` VALUES ('9785', '487', '6', '2', '4', '2', '1');
INSERT INTO `schedule_tb` VALUES ('9786', '487', '7', '2', '4', '2', '1');
INSERT INTO `schedule_tb` VALUES ('9787', '487', '8', '2', '4', '2', '1');
INSERT INTO `schedule_tb` VALUES ('9788', '487', '9', '2', '4', '2', '1');
INSERT INTO `schedule_tb` VALUES ('9789', '487', '10', '2', '4', '2', '1');
INSERT INTO `schedule_tb` VALUES ('9790', '487', '11', '2', '4', '2', '1');
INSERT INTO `schedule_tb` VALUES ('9791', '487', '12', '2', '4', '2', '1');
INSERT INTO `schedule_tb` VALUES ('9792', '487', '13', '2', '4', '2', '1');
INSERT INTO `schedule_tb` VALUES ('9793', '487', '14', '2', '4', '2', '1');
INSERT INTO `schedule_tb` VALUES ('9794', '488', '2', '3', '5', '2', '1');
INSERT INTO `schedule_tb` VALUES ('9795', '488', '3', '3', '5', '2', '1');
INSERT INTO `schedule_tb` VALUES ('9796', '488', '4', '3', '5', '2', '1');
INSERT INTO `schedule_tb` VALUES ('9797', '488', '5', '3', '5', '2', '1');
INSERT INTO `schedule_tb` VALUES ('9798', '488', '6', '3', '5', '2', '1');
INSERT INTO `schedule_tb` VALUES ('9799', '488', '7', '3', '5', '2', '1');
INSERT INTO `schedule_tb` VALUES ('9800', '488', '8', '3', '5', '2', '1');
INSERT INTO `schedule_tb` VALUES ('9801', '488', '9', '3', '5', '2', '1');
INSERT INTO `schedule_tb` VALUES ('9802', '488', '10', '3', '5', '2', '1');
INSERT INTO `schedule_tb` VALUES ('9803', '488', '11', '3', '5', '2', '1');
INSERT INTO `schedule_tb` VALUES ('9804', '488', '12', '3', '5', '2', '1');
INSERT INTO `schedule_tb` VALUES ('9805', '488', '13', '3', '5', '2', '1');
INSERT INTO `schedule_tb` VALUES ('9806', '488', '14', '3', '5', '2', '1');
INSERT INTO `schedule_tb` VALUES ('9807', '489', '3', '4', '5', '1', '1');
INSERT INTO `schedule_tb` VALUES ('9808', '489', '4', '4', '5', '1', '1');
INSERT INTO `schedule_tb` VALUES ('9809', '489', '5', '4', '5', '1', '1');
INSERT INTO `schedule_tb` VALUES ('9810', '489', '6', '4', '5', '1', '1');
INSERT INTO `schedule_tb` VALUES ('9811', '489', '7', '4', '5', '1', '1');
INSERT INTO `schedule_tb` VALUES ('9812', '489', '8', '4', '5', '1', '1');
INSERT INTO `schedule_tb` VALUES ('9813', '489', '9', '4', '5', '1', '1');
INSERT INTO `schedule_tb` VALUES ('9814', '489', '10', '4', '5', '1', '1');
INSERT INTO `schedule_tb` VALUES ('9815', '490', '2', '4', '1', '2', '1');
INSERT INTO `schedule_tb` VALUES ('9816', '490', '3', '4', '1', '2', '1');
INSERT INTO `schedule_tb` VALUES ('9817', '490', '4', '4', '1', '2', '1');
INSERT INTO `schedule_tb` VALUES ('9818', '490', '5', '4', '1', '2', '1');
INSERT INTO `schedule_tb` VALUES ('9819', '490', '6', '4', '1', '2', '1');
INSERT INTO `schedule_tb` VALUES ('9820', '490', '7', '4', '1', '2', '1');
INSERT INTO `schedule_tb` VALUES ('9821', '490', '8', '4', '1', '2', '1');
INSERT INTO `schedule_tb` VALUES ('9822', '490', '9', '4', '1', '2', '1');
INSERT INTO `schedule_tb` VALUES ('9823', '490', '10', '4', '1', '2', '1');
INSERT INTO `schedule_tb` VALUES ('9824', '490', '11', '4', '1', '2', '1');
INSERT INTO `schedule_tb` VALUES ('9825', '490', '12', '4', '1', '2', '1');
INSERT INTO `schedule_tb` VALUES ('9826', '490', '13', '4', '1', '2', '1');
INSERT INTO `schedule_tb` VALUES ('9827', '490', '14', '4', '1', '2', '1');
INSERT INTO `schedule_tb` VALUES ('9828', '491', '2', '5', '2', '5', '1');
INSERT INTO `schedule_tb` VALUES ('9829', '491', '2', '5', '2', '8', '1');
INSERT INTO `schedule_tb` VALUES ('9830', '491', '3', '5', '2', '5', '1');
INSERT INTO `schedule_tb` VALUES ('9831', '491', '3', '5', '2', '8', '1');
INSERT INTO `schedule_tb` VALUES ('9832', '491', '4', '5', '2', '5', '1');
INSERT INTO `schedule_tb` VALUES ('9833', '491', '4', '5', '2', '8', '1');
INSERT INTO `schedule_tb` VALUES ('9834', '491', '5', '5', '2', '5', '1');
INSERT INTO `schedule_tb` VALUES ('9835', '491', '5', '5', '2', '8', '1');
INSERT INTO `schedule_tb` VALUES ('9836', '491', '6', '5', '2', '5', '1');
INSERT INTO `schedule_tb` VALUES ('9837', '491', '6', '5', '2', '8', '1');
INSERT INTO `schedule_tb` VALUES ('9838', '491', '7', '5', '2', '5', '1');
INSERT INTO `schedule_tb` VALUES ('9839', '491', '7', '5', '2', '8', '1');
INSERT INTO `schedule_tb` VALUES ('9840', '491', '8', '5', '2', '5', '1');
INSERT INTO `schedule_tb` VALUES ('9841', '491', '8', '5', '2', '8', '1');
INSERT INTO `schedule_tb` VALUES ('9842', '491', '9', '5', '2', '5', '1');
INSERT INTO `schedule_tb` VALUES ('9843', '491', '9', '5', '2', '8', '1');
INSERT INTO `schedule_tb` VALUES ('9844', '491', '10', '5', '2', '5', '1');
INSERT INTO `schedule_tb` VALUES ('9845', '491', '10', '5', '2', '8', '1');
INSERT INTO `schedule_tb` VALUES ('9846', '491', '11', '5', '2', '5', '1');
INSERT INTO `schedule_tb` VALUES ('9847', '491', '11', '5', '2', '8', '1');
INSERT INTO `schedule_tb` VALUES ('9848', '491', '12', '5', '2', '5', '1');
INSERT INTO `schedule_tb` VALUES ('9849', '491', '12', '5', '2', '8', '1');
INSERT INTO `schedule_tb` VALUES ('9850', '491', '13', '5', '2', '5', '1');
INSERT INTO `schedule_tb` VALUES ('9851', '491', '13', '5', '2', '8', '1');
INSERT INTO `schedule_tb` VALUES ('9852', '491', '14', '5', '2', '5', '1');
INSERT INTO `schedule_tb` VALUES ('9853', '491', '14', '5', '2', '8', '1');
INSERT INTO `schedule_tb` VALUES ('9854', '492', '2', '5', '2', '5', '1');
INSERT INTO `schedule_tb` VALUES ('9855', '492', '2', '5', '2', '8', '1');
INSERT INTO `schedule_tb` VALUES ('9856', '492', '3', '5', '2', '5', '1');
INSERT INTO `schedule_tb` VALUES ('9857', '492', '3', '5', '2', '8', '1');
INSERT INTO `schedule_tb` VALUES ('9858', '492', '4', '5', '2', '5', '1');
INSERT INTO `schedule_tb` VALUES ('9859', '492', '4', '5', '2', '8', '1');
INSERT INTO `schedule_tb` VALUES ('9860', '492', '5', '5', '2', '5', '1');
INSERT INTO `schedule_tb` VALUES ('9861', '492', '5', '5', '2', '8', '1');
INSERT INTO `schedule_tb` VALUES ('9862', '492', '6', '5', '2', '5', '1');
INSERT INTO `schedule_tb` VALUES ('9863', '492', '6', '5', '2', '8', '1');
INSERT INTO `schedule_tb` VALUES ('9864', '492', '7', '5', '2', '5', '1');
INSERT INTO `schedule_tb` VALUES ('9865', '492', '7', '5', '2', '8', '1');
INSERT INTO `schedule_tb` VALUES ('9866', '492', '8', '5', '2', '5', '1');
INSERT INTO `schedule_tb` VALUES ('9867', '492', '8', '5', '2', '8', '1');
INSERT INTO `schedule_tb` VALUES ('9868', '492', '9', '5', '2', '5', '1');
INSERT INTO `schedule_tb` VALUES ('9869', '492', '9', '5', '2', '8', '1');
INSERT INTO `schedule_tb` VALUES ('9870', '492', '10', '5', '2', '5', '1');
INSERT INTO `schedule_tb` VALUES ('9871', '492', '10', '5', '2', '8', '1');
INSERT INTO `schedule_tb` VALUES ('9872', '492', '11', '5', '2', '5', '1');
INSERT INTO `schedule_tb` VALUES ('9873', '492', '11', '5', '2', '8', '1');
INSERT INTO `schedule_tb` VALUES ('9874', '492', '12', '5', '2', '5', '1');
INSERT INTO `schedule_tb` VALUES ('9875', '492', '12', '5', '2', '8', '1');
INSERT INTO `schedule_tb` VALUES ('9876', '492', '13', '5', '2', '5', '1');
INSERT INTO `schedule_tb` VALUES ('9877', '492', '13', '5', '2', '8', '1');
INSERT INTO `schedule_tb` VALUES ('9878', '492', '14', '5', '2', '5', '1');
INSERT INTO `schedule_tb` VALUES ('9879', '492', '14', '5', '2', '8', '1');
INSERT INTO `schedule_tb` VALUES ('9880', '493', '2', '5', '1', '8', '1');
INSERT INTO `schedule_tb` VALUES ('9881', '493', '3', '5', '1', '8', '1');
INSERT INTO `schedule_tb` VALUES ('9882', '493', '4', '5', '1', '8', '1');
INSERT INTO `schedule_tb` VALUES ('9883', '493', '5', '5', '1', '8', '1');
INSERT INTO `schedule_tb` VALUES ('9884', '493', '6', '5', '1', '8', '1');
INSERT INTO `schedule_tb` VALUES ('9885', '493', '7', '5', '1', '8', '1');
INSERT INTO `schedule_tb` VALUES ('9886', '493', '8', '5', '1', '8', '1');
INSERT INTO `schedule_tb` VALUES ('9887', '493', '9', '5', '1', '8', '1');
INSERT INTO `schedule_tb` VALUES ('9888', '493', '10', '5', '1', '8', '1');
INSERT INTO `schedule_tb` VALUES ('9889', '493', '11', '5', '1', '8', '1');
INSERT INTO `schedule_tb` VALUES ('9890', '493', '12', '5', '1', '8', '1');
INSERT INTO `schedule_tb` VALUES ('9891', '493', '13', '5', '1', '8', '1');
INSERT INTO `schedule_tb` VALUES ('9892', '493', '14', '5', '1', '8', '1');
INSERT INTO `schedule_tb` VALUES ('9893', '494', '11', '1', '5', '1', '1');
INSERT INTO `schedule_tb` VALUES ('9894', '494', '12', '1', '5', '1', '1');
INSERT INTO `schedule_tb` VALUES ('9895', '494', '13', '1', '5', '1', '1');
INSERT INTO `schedule_tb` VALUES ('9896', '494', '14', '1', '5', '1', '1');
INSERT INTO `schedule_tb` VALUES ('9897', '494', '15', '1', '5', '1', '1');
INSERT INTO `schedule_tb` VALUES ('9898', '494', '16', '1', '5', '1', '1');
INSERT INTO `schedule_tb` VALUES ('9899', '494', '17', '1', '5', '1', '1');
INSERT INTO `schedule_tb` VALUES ('9900', '494', '18', '1', '5', '1', '1');
INSERT INTO `schedule_tb` VALUES ('9901', '495', '2', '2', '3', '3', '1');
INSERT INTO `schedule_tb` VALUES ('9902', '495', '3', '2', '3', '3', '1');
INSERT INTO `schedule_tb` VALUES ('9903', '495', '4', '2', '3', '3', '1');
INSERT INTO `schedule_tb` VALUES ('9904', '495', '5', '2', '3', '3', '1');
INSERT INTO `schedule_tb` VALUES ('9905', '495', '6', '2', '3', '3', '1');
INSERT INTO `schedule_tb` VALUES ('9906', '495', '7', '2', '3', '3', '1');
INSERT INTO `schedule_tb` VALUES ('9907', '495', '8', '2', '3', '3', '1');
INSERT INTO `schedule_tb` VALUES ('9908', '495', '9', '2', '3', '3', '1');
INSERT INTO `schedule_tb` VALUES ('9909', '495', '10', '2', '3', '3', '1');
INSERT INTO `schedule_tb` VALUES ('9910', '495', '11', '2', '3', '3', '1');
INSERT INTO `schedule_tb` VALUES ('9911', '495', '12', '2', '3', '3', '1');
INSERT INTO `schedule_tb` VALUES ('9912', '495', '13', '2', '3', '3', '1');
INSERT INTO `schedule_tb` VALUES ('9913', '495', '14', '2', '3', '3', '1');
INSERT INTO `schedule_tb` VALUES ('9914', '496', '2', '4', '3', '3', '1');
INSERT INTO `schedule_tb` VALUES ('9915', '496', '3', '4', '3', '3', '1');
INSERT INTO `schedule_tb` VALUES ('9916', '496', '4', '4', '3', '3', '1');
INSERT INTO `schedule_tb` VALUES ('9917', '496', '5', '4', '3', '3', '1');
INSERT INTO `schedule_tb` VALUES ('9918', '496', '6', '4', '3', '3', '1');
INSERT INTO `schedule_tb` VALUES ('9919', '496', '7', '4', '3', '3', '1');
INSERT INTO `schedule_tb` VALUES ('9920', '496', '8', '4', '3', '3', '1');
INSERT INTO `schedule_tb` VALUES ('9921', '496', '9', '4', '3', '3', '1');
INSERT INTO `schedule_tb` VALUES ('9922', '496', '10', '4', '3', '3', '1');
INSERT INTO `schedule_tb` VALUES ('9923', '496', '11', '4', '3', '3', '1');
INSERT INTO `schedule_tb` VALUES ('9924', '496', '12', '4', '3', '3', '1');
INSERT INTO `schedule_tb` VALUES ('9925', '496', '13', '4', '3', '3', '1');
INSERT INTO `schedule_tb` VALUES ('9926', '496', '14', '4', '3', '3', '1');
INSERT INTO `schedule_tb` VALUES ('9927', '497', '11', '4', '5', '1', '1');
INSERT INTO `schedule_tb` VALUES ('9928', '497', '12', '4', '5', '1', '1');
INSERT INTO `schedule_tb` VALUES ('9929', '497', '13', '4', '5', '1', '1');
INSERT INTO `schedule_tb` VALUES ('9930', '497', '14', '4', '5', '1', '1');
INSERT INTO `schedule_tb` VALUES ('9931', '497', '15', '4', '5', '1', '1');
INSERT INTO `schedule_tb` VALUES ('9932', '497', '16', '4', '5', '1', '1');
INSERT INTO `schedule_tb` VALUES ('9933', '497', '17', '4', '5', '1', '1');
INSERT INTO `schedule_tb` VALUES ('9934', '497', '18', '4', '5', '1', '1');
INSERT INTO `schedule_tb` VALUES ('9935', '498', '2', '2', '3', '2', '1');
INSERT INTO `schedule_tb` VALUES ('9936', '498', '3', '2', '3', '2', '1');
INSERT INTO `schedule_tb` VALUES ('9937', '498', '4', '2', '3', '2', '1');
INSERT INTO `schedule_tb` VALUES ('9938', '498', '5', '2', '3', '2', '1');
INSERT INTO `schedule_tb` VALUES ('9939', '498', '6', '2', '3', '2', '1');
INSERT INTO `schedule_tb` VALUES ('9940', '498', '7', '2', '3', '2', '1');
INSERT INTO `schedule_tb` VALUES ('9941', '498', '8', '2', '3', '2', '1');
INSERT INTO `schedule_tb` VALUES ('9942', '498', '9', '2', '3', '2', '1');
INSERT INTO `schedule_tb` VALUES ('9943', '498', '10', '2', '3', '2', '1');
INSERT INTO `schedule_tb` VALUES ('9944', '498', '11', '2', '3', '2', '1');
INSERT INTO `schedule_tb` VALUES ('9945', '498', '12', '2', '3', '2', '1');
INSERT INTO `schedule_tb` VALUES ('9946', '498', '13', '2', '3', '2', '1');
INSERT INTO `schedule_tb` VALUES ('9947', '498', '14', '2', '3', '2', '1');
INSERT INTO `schedule_tb` VALUES ('9948', '499', '2', '3', '4', '2', '1');
INSERT INTO `schedule_tb` VALUES ('9949', '499', '3', '3', '4', '2', '1');
INSERT INTO `schedule_tb` VALUES ('9950', '499', '4', '3', '4', '2', '1');
INSERT INTO `schedule_tb` VALUES ('9951', '499', '5', '3', '4', '2', '1');
INSERT INTO `schedule_tb` VALUES ('9952', '499', '6', '3', '4', '2', '1');
INSERT INTO `schedule_tb` VALUES ('9953', '499', '7', '3', '4', '2', '1');
INSERT INTO `schedule_tb` VALUES ('9954', '499', '8', '3', '4', '2', '1');
INSERT INTO `schedule_tb` VALUES ('9955', '499', '9', '3', '4', '2', '1');
INSERT INTO `schedule_tb` VALUES ('9956', '499', '10', '3', '4', '2', '1');
INSERT INTO `schedule_tb` VALUES ('9957', '499', '11', '3', '4', '2', '1');
INSERT INTO `schedule_tb` VALUES ('9958', '499', '12', '3', '4', '2', '1');
INSERT INTO `schedule_tb` VALUES ('9959', '499', '13', '3', '4', '2', '1');
INSERT INTO `schedule_tb` VALUES ('9960', '499', '14', '3', '4', '2', '1');
INSERT INTO `schedule_tb` VALUES ('9961', '500', '2', '4', '2', '8', '1');
INSERT INTO `schedule_tb` VALUES ('9962', '500', '3', '4', '2', '8', '1');
INSERT INTO `schedule_tb` VALUES ('9963', '500', '4', '4', '2', '8', '1');
INSERT INTO `schedule_tb` VALUES ('9964', '500', '5', '4', '2', '8', '1');
INSERT INTO `schedule_tb` VALUES ('9965', '500', '6', '4', '2', '8', '1');
INSERT INTO `schedule_tb` VALUES ('9966', '500', '7', '4', '2', '8', '1');
INSERT INTO `schedule_tb` VALUES ('9967', '500', '8', '4', '2', '8', '1');
INSERT INTO `schedule_tb` VALUES ('9968', '500', '9', '4', '2', '8', '1');
INSERT INTO `schedule_tb` VALUES ('9969', '500', '10', '4', '2', '8', '1');
INSERT INTO `schedule_tb` VALUES ('9970', '500', '11', '4', '2', '8', '1');
INSERT INTO `schedule_tb` VALUES ('9971', '500', '12', '4', '2', '8', '1');
INSERT INTO `schedule_tb` VALUES ('9972', '500', '13', '4', '2', '8', '1');
INSERT INTO `schedule_tb` VALUES ('9973', '500', '14', '4', '2', '8', '1');
INSERT INTO `schedule_tb` VALUES ('9974', '501', '4', '5', '2', '2', '1');
INSERT INTO `schedule_tb` VALUES ('9975', '501', '5', '5', '2', '2', '1');
INSERT INTO `schedule_tb` VALUES ('9976', '501', '6', '5', '2', '2', '1');
INSERT INTO `schedule_tb` VALUES ('9977', '501', '7', '5', '2', '2', '1');
INSERT INTO `schedule_tb` VALUES ('9978', '501', '8', '5', '2', '2', '1');
INSERT INTO `schedule_tb` VALUES ('9979', '501', '9', '5', '2', '2', '1');
INSERT INTO `schedule_tb` VALUES ('9980', '501', '11', '5', '2', '2', '1');
INSERT INTO `schedule_tb` VALUES ('9981', '501', '12', '5', '2', '2', '1');
INSERT INTO `schedule_tb` VALUES ('9982', '502', '4', '4', '1', '8', '1');
INSERT INTO `schedule_tb` VALUES ('9983', '502', '5', '4', '1', '8', '1');
INSERT INTO `schedule_tb` VALUES ('9984', '502', '7', '4', '1', '8', '1');
INSERT INTO `schedule_tb` VALUES ('9985', '502', '8', '4', '1', '8', '1');
INSERT INTO `schedule_tb` VALUES ('9986', '502', '9', '4', '1', '8', '1');
INSERT INTO `schedule_tb` VALUES ('9987', '502', '10', '4', '1', '8', '1');
INSERT INTO `schedule_tb` VALUES ('9988', '502', '11', '4', '1', '8', '1');
INSERT INTO `schedule_tb` VALUES ('9989', '502', '12', '4', '1', '8', '1');
INSERT INTO `schedule_tb` VALUES ('9990', '503', '4', '4', '1', '5', '1');
INSERT INTO `schedule_tb` VALUES ('9991', '503', '5', '4', '1', '5', '1');
INSERT INTO `schedule_tb` VALUES ('9992', '503', '7', '4', '1', '5', '1');
INSERT INTO `schedule_tb` VALUES ('9993', '503', '8', '4', '1', '5', '1');
INSERT INTO `schedule_tb` VALUES ('9994', '503', '9', '4', '1', '5', '1');
INSERT INTO `schedule_tb` VALUES ('9995', '503', '10', '4', '1', '5', '1');
INSERT INTO `schedule_tb` VALUES ('9996', '503', '11', '4', '1', '5', '1');
INSERT INTO `schedule_tb` VALUES ('9997', '503', '12', '4', '1', '5', '1');
INSERT INTO `schedule_tb` VALUES ('9998', '504', '19', '1', '1', '1', '1');
INSERT INTO `schedule_tb` VALUES ('9999', '504', '19', '1', '2', '1', '1');
INSERT INTO `schedule_tb` VALUES ('10000', '504', '19', '1', '3', '1', '1');
INSERT INTO `schedule_tb` VALUES ('10001', '504', '19', '1', '4', '1', '1');
INSERT INTO `schedule_tb` VALUES ('10002', '504', '19', '2', '1', '1', '1');
INSERT INTO `schedule_tb` VALUES ('10003', '504', '19', '2', '2', '1', '1');
INSERT INTO `schedule_tb` VALUES ('10004', '504', '19', '2', '3', '1', '1');
INSERT INTO `schedule_tb` VALUES ('10005', '504', '19', '2', '4', '1', '1');
INSERT INTO `schedule_tb` VALUES ('10006', '504', '19', '3', '1', '1', '1');
INSERT INTO `schedule_tb` VALUES ('10007', '504', '19', '3', '2', '1', '1');
INSERT INTO `schedule_tb` VALUES ('10008', '504', '19', '3', '3', '1', '1');
INSERT INTO `schedule_tb` VALUES ('10009', '504', '19', '3', '4', '1', '1');
INSERT INTO `schedule_tb` VALUES ('10010', '504', '19', '4', '1', '1', '1');
INSERT INTO `schedule_tb` VALUES ('10011', '504', '19', '4', '2', '1', '1');
INSERT INTO `schedule_tb` VALUES ('10012', '504', '19', '4', '3', '1', '1');
INSERT INTO `schedule_tb` VALUES ('10013', '504', '19', '4', '4', '1', '1');
INSERT INTO `schedule_tb` VALUES ('10014', '504', '19', '5', '1', '1', '1');
INSERT INTO `schedule_tb` VALUES ('10015', '504', '19', '5', '2', '1', '1');
INSERT INTO `schedule_tb` VALUES ('10016', '504', '19', '5', '3', '1', '1');
INSERT INTO `schedule_tb` VALUES ('10017', '504', '19', '5', '4', '1', '1');
INSERT INTO `schedule_tb` VALUES ('10018', '504', '20', '1', '1', '1', '1');
INSERT INTO `schedule_tb` VALUES ('10019', '504', '20', '1', '2', '1', '1');
INSERT INTO `schedule_tb` VALUES ('10020', '504', '20', '1', '3', '1', '1');
INSERT INTO `schedule_tb` VALUES ('10021', '504', '20', '1', '4', '1', '1');
INSERT INTO `schedule_tb` VALUES ('10022', '504', '20', '2', '1', '1', '1');
INSERT INTO `schedule_tb` VALUES ('10023', '504', '20', '2', '2', '1', '1');
INSERT INTO `schedule_tb` VALUES ('10024', '504', '20', '2', '3', '1', '1');
INSERT INTO `schedule_tb` VALUES ('10025', '504', '20', '2', '4', '1', '1');
INSERT INTO `schedule_tb` VALUES ('10026', '504', '20', '3', '1', '1', '1');
INSERT INTO `schedule_tb` VALUES ('10027', '504', '20', '3', '2', '1', '1');
INSERT INTO `schedule_tb` VALUES ('10028', '504', '20', '3', '3', '1', '1');
INSERT INTO `schedule_tb` VALUES ('10029', '504', '20', '3', '4', '1', '1');
INSERT INTO `schedule_tb` VALUES ('10030', '504', '20', '4', '1', '1', '1');
INSERT INTO `schedule_tb` VALUES ('10031', '504', '20', '4', '2', '1', '1');
INSERT INTO `schedule_tb` VALUES ('10032', '504', '20', '4', '3', '1', '1');
INSERT INTO `schedule_tb` VALUES ('10033', '504', '20', '4', '4', '1', '1');
INSERT INTO `schedule_tb` VALUES ('10034', '504', '20', '5', '1', '1', '1');
INSERT INTO `schedule_tb` VALUES ('10035', '504', '20', '5', '2', '1', '1');
INSERT INTO `schedule_tb` VALUES ('10036', '504', '20', '5', '3', '1', '1');
INSERT INTO `schedule_tb` VALUES ('10037', '504', '20', '5', '4', '1', '1');
INSERT INTO `schedule_tb` VALUES ('10038', '506', '3', '5', '2', '3', '1');
INSERT INTO `schedule_tb` VALUES ('10039', '506', '4', '5', '2', '3', '1');
INSERT INTO `schedule_tb` VALUES ('10040', '506', '5', '5', '2', '3', '1');
INSERT INTO `schedule_tb` VALUES ('10041', '506', '6', '5', '2', '3', '1');
INSERT INTO `schedule_tb` VALUES ('10042', '506', '7', '5', '2', '3', '1');
INSERT INTO `schedule_tb` VALUES ('10043', '506', '8', '5', '2', '3', '1');
INSERT INTO `schedule_tb` VALUES ('10044', '506', '9', '5', '2', '3', '1');
INSERT INTO `schedule_tb` VALUES ('10045', '506', '10', '5', '2', '3', '1');
INSERT INTO `schedule_tb` VALUES ('10046', '506', '11', '5', '2', '3', '1');
INSERT INTO `schedule_tb` VALUES ('10047', '506', '12', '5', '2', '3', '1');
INSERT INTO `schedule_tb` VALUES ('10048', '506', '13', '5', '2', '3', '1');
INSERT INTO `schedule_tb` VALUES ('10049', '506', '14', '5', '2', '3', '1');
INSERT INTO `schedule_tb` VALUES ('10050', '506', '15', '5', '2', '3', '1');
INSERT INTO `schedule_tb` VALUES ('10051', '506', '16', '5', '2', '3', '1');
INSERT INTO `schedule_tb` VALUES ('10052', '507', '8', '3', '2', '3', '1');
INSERT INTO `schedule_tb` VALUES ('10053', '507', '12', '3', '2', '3', '1');
INSERT INTO `schedule_tb` VALUES ('10054', '508', '2', '1', '3', '2', '1');
INSERT INTO `schedule_tb` VALUES ('10055', '508', '3', '1', '3', '2', '1');
INSERT INTO `schedule_tb` VALUES ('10056', '508', '4', '1', '3', '2', '1');
INSERT INTO `schedule_tb` VALUES ('10057', '508', '5', '1', '3', '2', '1');
INSERT INTO `schedule_tb` VALUES ('10058', '508', '6', '1', '3', '2', '1');
INSERT INTO `schedule_tb` VALUES ('10059', '508', '7', '1', '3', '2', '1');
INSERT INTO `schedule_tb` VALUES ('10060', '508', '8', '1', '3', '2', '1');
INSERT INTO `schedule_tb` VALUES ('10061', '508', '9', '1', '3', '2', '1');
INSERT INTO `schedule_tb` VALUES ('10062', '508', '10', '1', '3', '2', '1');
INSERT INTO `schedule_tb` VALUES ('10063', '508', '11', '1', '3', '2', '1');
INSERT INTO `schedule_tb` VALUES ('10064', '508', '12', '1', '3', '2', '1');
INSERT INTO `schedule_tb` VALUES ('10065', '508', '13', '1', '3', '2', '1');
INSERT INTO `schedule_tb` VALUES ('10066', '508', '14', '1', '3', '2', '1');
INSERT INTO `schedule_tb` VALUES ('10067', '509', '2', '3', '2', '2', '1');
INSERT INTO `schedule_tb` VALUES ('10068', '509', '3', '3', '2', '2', '1');
INSERT INTO `schedule_tb` VALUES ('10069', '509', '4', '3', '2', '2', '1');
INSERT INTO `schedule_tb` VALUES ('10070', '509', '5', '3', '2', '2', '1');
INSERT INTO `schedule_tb` VALUES ('10071', '509', '6', '3', '2', '2', '1');
INSERT INTO `schedule_tb` VALUES ('10072', '509', '7', '3', '2', '2', '1');
INSERT INTO `schedule_tb` VALUES ('10073', '509', '8', '3', '2', '2', '1');
INSERT INTO `schedule_tb` VALUES ('10074', '509', '9', '3', '2', '2', '1');
INSERT INTO `schedule_tb` VALUES ('10075', '509', '10', '3', '2', '2', '1');
INSERT INTO `schedule_tb` VALUES ('10076', '509', '11', '3', '2', '2', '1');
INSERT INTO `schedule_tb` VALUES ('10077', '509', '12', '3', '2', '2', '1');
INSERT INTO `schedule_tb` VALUES ('10078', '509', '13', '3', '2', '2', '1');
INSERT INTO `schedule_tb` VALUES ('10079', '509', '14', '3', '2', '2', '1');
INSERT INTO `schedule_tb` VALUES ('10080', '510', '2', '4', '2', '2', '1');
INSERT INTO `schedule_tb` VALUES ('10081', '510', '3', '4', '2', '2', '1');
INSERT INTO `schedule_tb` VALUES ('10082', '510', '4', '4', '2', '2', '1');
INSERT INTO `schedule_tb` VALUES ('10083', '510', '5', '4', '2', '2', '1');
INSERT INTO `schedule_tb` VALUES ('10084', '510', '6', '4', '2', '2', '1');
INSERT INTO `schedule_tb` VALUES ('10085', '510', '7', '4', '2', '2', '1');
INSERT INTO `schedule_tb` VALUES ('10086', '510', '8', '4', '2', '2', '1');
INSERT INTO `schedule_tb` VALUES ('10087', '510', '9', '4', '2', '2', '1');
INSERT INTO `schedule_tb` VALUES ('10088', '510', '10', '4', '2', '2', '1');
INSERT INTO `schedule_tb` VALUES ('10089', '510', '11', '4', '2', '2', '1');
INSERT INTO `schedule_tb` VALUES ('10090', '510', '12', '4', '2', '2', '1');
INSERT INTO `schedule_tb` VALUES ('10091', '510', '13', '4', '2', '2', '1');
INSERT INTO `schedule_tb` VALUES ('10092', '510', '14', '4', '2', '2', '1');
INSERT INTO `schedule_tb` VALUES ('10093', '511', '2', '5', '1', '1', '1');
INSERT INTO `schedule_tb` VALUES ('10094', '511', '3', '5', '1', '1', '1');
INSERT INTO `schedule_tb` VALUES ('10095', '511', '4', '5', '1', '1', '1');
INSERT INTO `schedule_tb` VALUES ('10096', '511', '5', '5', '1', '1', '1');
INSERT INTO `schedule_tb` VALUES ('10097', '511', '6', '5', '1', '1', '1');
INSERT INTO `schedule_tb` VALUES ('10098', '511', '7', '5', '1', '1', '1');
INSERT INTO `schedule_tb` VALUES ('10099', '511', '8', '5', '1', '1', '1');
INSERT INTO `schedule_tb` VALUES ('10100', '511', '9', '5', '1', '1', '1');
INSERT INTO `schedule_tb` VALUES ('10101', '511', '10', '5', '1', '1', '1');
INSERT INTO `schedule_tb` VALUES ('10102', '511', '11', '5', '1', '1', '1');
INSERT INTO `schedule_tb` VALUES ('10103', '511', '12', '5', '1', '1', '1');
INSERT INTO `schedule_tb` VALUES ('10104', '511', '13', '5', '1', '1', '1');
INSERT INTO `schedule_tb` VALUES ('10105', '511', '14', '5', '1', '1', '1');
INSERT INTO `schedule_tb` VALUES ('10106', '512', '2', '5', '2', '1', '1');
INSERT INTO `schedule_tb` VALUES ('10107', '512', '3', '5', '2', '1', '1');
INSERT INTO `schedule_tb` VALUES ('10108', '512', '4', '5', '2', '1', '1');
INSERT INTO `schedule_tb` VALUES ('10109', '512', '5', '5', '2', '1', '1');
INSERT INTO `schedule_tb` VALUES ('10110', '512', '6', '5', '2', '1', '1');
INSERT INTO `schedule_tb` VALUES ('10111', '512', '7', '5', '2', '1', '1');
INSERT INTO `schedule_tb` VALUES ('10112', '512', '8', '5', '2', '1', '1');
INSERT INTO `schedule_tb` VALUES ('10113', '512', '9', '5', '2', '1', '1');
INSERT INTO `schedule_tb` VALUES ('10114', '512', '10', '5', '2', '1', '1');
INSERT INTO `schedule_tb` VALUES ('10115', '512', '11', '5', '2', '1', '1');
INSERT INTO `schedule_tb` VALUES ('10116', '512', '12', '5', '2', '1', '1');
INSERT INTO `schedule_tb` VALUES ('10117', '512', '13', '5', '2', '1', '1');
INSERT INTO `schedule_tb` VALUES ('10118', '512', '14', '5', '2', '1', '1');
INSERT INTO `schedule_tb` VALUES ('10119', '513', '2', '5', '3', '2', '1');
INSERT INTO `schedule_tb` VALUES ('10120', '513', '3', '5', '3', '2', '1');
INSERT INTO `schedule_tb` VALUES ('10121', '513', '4', '5', '3', '2', '1');
INSERT INTO `schedule_tb` VALUES ('10122', '513', '5', '5', '3', '2', '1');
INSERT INTO `schedule_tb` VALUES ('10123', '513', '6', '5', '3', '2', '1');
INSERT INTO `schedule_tb` VALUES ('10124', '513', '7', '5', '3', '2', '1');
INSERT INTO `schedule_tb` VALUES ('10125', '513', '8', '5', '3', '2', '1');
INSERT INTO `schedule_tb` VALUES ('10126', '513', '9', '5', '3', '2', '1');
INSERT INTO `schedule_tb` VALUES ('10127', '513', '10', '5', '3', '2', '1');
INSERT INTO `schedule_tb` VALUES ('10128', '513', '11', '5', '3', '2', '1');
INSERT INTO `schedule_tb` VALUES ('10129', '513', '12', '5', '3', '2', '1');
INSERT INTO `schedule_tb` VALUES ('10130', '513', '13', '5', '3', '2', '1');
INSERT INTO `schedule_tb` VALUES ('10131', '513', '14', '5', '3', '2', '1');
INSERT INTO `schedule_tb` VALUES ('10132', '514', '2', '1', '1', '2', '1');
INSERT INTO `schedule_tb` VALUES ('10133', '514', '3', '1', '1', '2', '1');
INSERT INTO `schedule_tb` VALUES ('10134', '514', '4', '1', '1', '2', '1');
INSERT INTO `schedule_tb` VALUES ('10135', '514', '5', '1', '1', '2', '1');
INSERT INTO `schedule_tb` VALUES ('10136', '514', '6', '1', '1', '2', '1');
INSERT INTO `schedule_tb` VALUES ('10137', '514', '7', '1', '1', '2', '1');
INSERT INTO `schedule_tb` VALUES ('10138', '514', '8', '1', '1', '2', '1');
INSERT INTO `schedule_tb` VALUES ('10139', '514', '9', '1', '1', '2', '1');
INSERT INTO `schedule_tb` VALUES ('10140', '514', '10', '1', '1', '2', '1');
INSERT INTO `schedule_tb` VALUES ('10141', '514', '11', '1', '1', '2', '1');
INSERT INTO `schedule_tb` VALUES ('10142', '514', '12', '1', '1', '2', '1');
INSERT INTO `schedule_tb` VALUES ('10143', '514', '13', '1', '1', '2', '1');
INSERT INTO `schedule_tb` VALUES ('10144', '514', '14', '1', '1', '2', '1');
INSERT INTO `schedule_tb` VALUES ('10145', '515', '2', '2', '1', '2', '1');
INSERT INTO `schedule_tb` VALUES ('10146', '515', '3', '2', '1', '2', '1');
INSERT INTO `schedule_tb` VALUES ('10147', '515', '4', '2', '1', '2', '1');
INSERT INTO `schedule_tb` VALUES ('10148', '515', '5', '2', '1', '2', '1');
INSERT INTO `schedule_tb` VALUES ('10149', '515', '6', '2', '1', '2', '1');
INSERT INTO `schedule_tb` VALUES ('10150', '515', '7', '2', '1', '2', '1');
INSERT INTO `schedule_tb` VALUES ('10151', '515', '8', '2', '1', '2', '1');
INSERT INTO `schedule_tb` VALUES ('10152', '515', '9', '2', '1', '2', '1');
INSERT INTO `schedule_tb` VALUES ('10153', '515', '10', '2', '1', '2', '1');
INSERT INTO `schedule_tb` VALUES ('10154', '515', '11', '2', '1', '2', '1');
INSERT INTO `schedule_tb` VALUES ('10155', '515', '12', '2', '1', '2', '1');
INSERT INTO `schedule_tb` VALUES ('10156', '515', '13', '2', '1', '2', '1');
INSERT INTO `schedule_tb` VALUES ('10157', '515', '14', '2', '1', '2', '1');
INSERT INTO `schedule_tb` VALUES ('10158', '516', '2', '1', '2', '5', '1');
INSERT INTO `schedule_tb` VALUES ('10159', '516', '3', '1', '2', '5', '1');
INSERT INTO `schedule_tb` VALUES ('10160', '516', '4', '1', '2', '5', '1');
INSERT INTO `schedule_tb` VALUES ('10161', '516', '5', '1', '2', '5', '1');
INSERT INTO `schedule_tb` VALUES ('10162', '516', '6', '1', '2', '5', '1');
INSERT INTO `schedule_tb` VALUES ('10163', '516', '7', '1', '2', '5', '1');
INSERT INTO `schedule_tb` VALUES ('10164', '516', '8', '1', '2', '5', '1');
INSERT INTO `schedule_tb` VALUES ('10165', '516', '9', '1', '2', '5', '1');
INSERT INTO `schedule_tb` VALUES ('10166', '516', '10', '1', '2', '5', '1');
INSERT INTO `schedule_tb` VALUES ('10167', '516', '11', '1', '2', '5', '1');
INSERT INTO `schedule_tb` VALUES ('10168', '516', '12', '1', '2', '5', '1');
INSERT INTO `schedule_tb` VALUES ('10169', '516', '13', '1', '2', '5', '1');
INSERT INTO `schedule_tb` VALUES ('10170', '516', '14', '1', '2', '5', '1');
INSERT INTO `schedule_tb` VALUES ('10171', '517', '11', '2', '5', '1', '1');
INSERT INTO `schedule_tb` VALUES ('10172', '517', '12', '2', '5', '1', '1');
INSERT INTO `schedule_tb` VALUES ('10173', '517', '13', '2', '5', '1', '1');
INSERT INTO `schedule_tb` VALUES ('10174', '517', '14', '2', '5', '1', '1');
INSERT INTO `schedule_tb` VALUES ('10175', '517', '15', '2', '5', '1', '1');
INSERT INTO `schedule_tb` VALUES ('10176', '517', '16', '2', '5', '1', '1');
INSERT INTO `schedule_tb` VALUES ('10177', '517', '17', '2', '5', '1', '1');
INSERT INTO `schedule_tb` VALUES ('10178', '517', '18', '2', '5', '1', '1');
INSERT INTO `schedule_tb` VALUES ('10179', '518', '2', '2', '2', '2', '1');
INSERT INTO `schedule_tb` VALUES ('10180', '518', '3', '2', '2', '2', '1');
INSERT INTO `schedule_tb` VALUES ('10181', '518', '4', '2', '2', '2', '1');
INSERT INTO `schedule_tb` VALUES ('10182', '518', '5', '2', '2', '2', '1');
INSERT INTO `schedule_tb` VALUES ('10183', '518', '6', '2', '2', '2', '1');
INSERT INTO `schedule_tb` VALUES ('10184', '518', '7', '2', '2', '2', '1');
INSERT INTO `schedule_tb` VALUES ('10185', '518', '8', '2', '2', '2', '1');
INSERT INTO `schedule_tb` VALUES ('10186', '518', '9', '2', '2', '2', '1');
INSERT INTO `schedule_tb` VALUES ('10187', '518', '10', '2', '2', '2', '1');
INSERT INTO `schedule_tb` VALUES ('10188', '518', '11', '2', '2', '2', '1');
INSERT INTO `schedule_tb` VALUES ('10189', '518', '12', '2', '2', '2', '1');
INSERT INTO `schedule_tb` VALUES ('10190', '518', '13', '2', '2', '2', '1');
INSERT INTO `schedule_tb` VALUES ('10191', '518', '14', '2', '2', '2', '1');
INSERT INTO `schedule_tb` VALUES ('10192', '519', '2', '2', '4', '1', '1');
INSERT INTO `schedule_tb` VALUES ('10193', '519', '3', '2', '4', '1', '1');
INSERT INTO `schedule_tb` VALUES ('10194', '519', '4', '2', '4', '1', '1');
INSERT INTO `schedule_tb` VALUES ('10195', '519', '5', '2', '4', '1', '1');
INSERT INTO `schedule_tb` VALUES ('10196', '519', '6', '2', '4', '1', '1');
INSERT INTO `schedule_tb` VALUES ('10197', '519', '7', '2', '4', '1', '1');
INSERT INTO `schedule_tb` VALUES ('10198', '519', '8', '2', '4', '1', '1');
INSERT INTO `schedule_tb` VALUES ('10199', '519', '9', '2', '4', '1', '1');
INSERT INTO `schedule_tb` VALUES ('10200', '519', '10', '2', '4', '1', '1');
INSERT INTO `schedule_tb` VALUES ('10201', '519', '11', '2', '4', '1', '1');
INSERT INTO `schedule_tb` VALUES ('10202', '519', '12', '2', '4', '1', '1');
INSERT INTO `schedule_tb` VALUES ('10203', '519', '13', '2', '4', '1', '1');
INSERT INTO `schedule_tb` VALUES ('10204', '519', '14', '2', '4', '1', '1');
INSERT INTO `schedule_tb` VALUES ('10205', '520', '2', '3', '1', '3', '1');
INSERT INTO `schedule_tb` VALUES ('10206', '520', '3', '3', '1', '3', '1');
INSERT INTO `schedule_tb` VALUES ('10207', '520', '4', '3', '1', '3', '1');
INSERT INTO `schedule_tb` VALUES ('10208', '520', '5', '3', '1', '3', '1');
INSERT INTO `schedule_tb` VALUES ('10209', '520', '6', '3', '1', '3', '1');
INSERT INTO `schedule_tb` VALUES ('10210', '520', '7', '3', '1', '3', '1');
INSERT INTO `schedule_tb` VALUES ('10211', '520', '8', '3', '1', '3', '1');
INSERT INTO `schedule_tb` VALUES ('10212', '520', '9', '3', '1', '3', '1');
INSERT INTO `schedule_tb` VALUES ('10213', '520', '10', '3', '1', '3', '1');
INSERT INTO `schedule_tb` VALUES ('10214', '520', '11', '3', '1', '3', '1');
INSERT INTO `schedule_tb` VALUES ('10215', '520', '12', '3', '1', '3', '1');
INSERT INTO `schedule_tb` VALUES ('10216', '520', '13', '3', '1', '3', '1');
INSERT INTO `schedule_tb` VALUES ('10217', '520', '14', '3', '1', '3', '1');
INSERT INTO `schedule_tb` VALUES ('10218', '521', '2', '4', '1', '3', '1');
INSERT INTO `schedule_tb` VALUES ('10219', '521', '3', '4', '1', '3', '1');
INSERT INTO `schedule_tb` VALUES ('10220', '521', '4', '4', '1', '3', '1');
INSERT INTO `schedule_tb` VALUES ('10221', '521', '5', '4', '1', '3', '1');
INSERT INTO `schedule_tb` VALUES ('10222', '521', '6', '4', '1', '3', '1');
INSERT INTO `schedule_tb` VALUES ('10223', '521', '7', '4', '1', '3', '1');
INSERT INTO `schedule_tb` VALUES ('10224', '521', '8', '4', '1', '3', '1');
INSERT INTO `schedule_tb` VALUES ('10225', '521', '9', '4', '1', '3', '1');
INSERT INTO `schedule_tb` VALUES ('10226', '521', '10', '4', '1', '3', '1');
INSERT INTO `schedule_tb` VALUES ('10227', '521', '11', '4', '1', '3', '1');
INSERT INTO `schedule_tb` VALUES ('10228', '521', '12', '4', '1', '3', '1');
INSERT INTO `schedule_tb` VALUES ('10229', '521', '13', '4', '1', '3', '1');
INSERT INTO `schedule_tb` VALUES ('10230', '521', '14', '4', '1', '3', '1');
INSERT INTO `schedule_tb` VALUES ('10231', '522', '18', '1', '1', '3', '1');
INSERT INTO `schedule_tb` VALUES ('10232', '522', '18', '1', '2', '3', '1');
INSERT INTO `schedule_tb` VALUES ('10233', '522', '18', '2', '1', '3', '1');
INSERT INTO `schedule_tb` VALUES ('10234', '522', '18', '2', '2', '3', '1');
INSERT INTO `schedule_tb` VALUES ('10235', '522', '18', '3', '1', '3', '1');
INSERT INTO `schedule_tb` VALUES ('10236', '522', '18', '3', '2', '3', '1');
INSERT INTO `schedule_tb` VALUES ('10237', '522', '18', '4', '1', '3', '1');
INSERT INTO `schedule_tb` VALUES ('10238', '522', '18', '4', '2', '3', '1');
INSERT INTO `schedule_tb` VALUES ('10239', '522', '18', '5', '1', '3', '1');
INSERT INTO `schedule_tb` VALUES ('10240', '522', '18', '5', '2', '3', '1');
INSERT INTO `schedule_tb` VALUES ('10241', '522', '19', '1', '1', '3', '1');
INSERT INTO `schedule_tb` VALUES ('10242', '522', '19', '1', '2', '3', '1');
INSERT INTO `schedule_tb` VALUES ('10243', '522', '19', '2', '1', '3', '1');
INSERT INTO `schedule_tb` VALUES ('10244', '522', '19', '2', '2', '3', '1');
INSERT INTO `schedule_tb` VALUES ('10245', '522', '19', '3', '1', '3', '1');
INSERT INTO `schedule_tb` VALUES ('10246', '522', '19', '3', '2', '3', '1');
INSERT INTO `schedule_tb` VALUES ('10247', '522', '19', '4', '1', '3', '1');
INSERT INTO `schedule_tb` VALUES ('10248', '522', '19', '4', '2', '3', '1');
INSERT INTO `schedule_tb` VALUES ('10249', '522', '19', '5', '1', '3', '1');
INSERT INTO `schedule_tb` VALUES ('10250', '522', '19', '5', '2', '3', '1');
INSERT INTO `schedule_tb` VALUES ('10251', '523', '18', '1', '3', '3', '1');
INSERT INTO `schedule_tb` VALUES ('10252', '523', '18', '1', '4', '3', '1');
INSERT INTO `schedule_tb` VALUES ('10253', '523', '18', '2', '3', '3', '1');
INSERT INTO `schedule_tb` VALUES ('10254', '523', '18', '2', '4', '3', '1');
INSERT INTO `schedule_tb` VALUES ('10255', '523', '18', '3', '3', '3', '1');
INSERT INTO `schedule_tb` VALUES ('10256', '523', '18', '3', '4', '3', '1');
INSERT INTO `schedule_tb` VALUES ('10257', '523', '18', '4', '3', '3', '1');
INSERT INTO `schedule_tb` VALUES ('10258', '523', '18', '4', '4', '3', '1');
INSERT INTO `schedule_tb` VALUES ('10259', '523', '18', '5', '3', '3', '1');
INSERT INTO `schedule_tb` VALUES ('10260', '523', '18', '5', '4', '3', '1');
INSERT INTO `schedule_tb` VALUES ('10261', '523', '19', '1', '3', '3', '1');
INSERT INTO `schedule_tb` VALUES ('10262', '523', '19', '1', '4', '3', '1');
INSERT INTO `schedule_tb` VALUES ('10263', '523', '19', '2', '3', '3', '1');
INSERT INTO `schedule_tb` VALUES ('10264', '523', '19', '2', '4', '3', '1');
INSERT INTO `schedule_tb` VALUES ('10265', '523', '19', '3', '3', '3', '1');
INSERT INTO `schedule_tb` VALUES ('10266', '523', '19', '3', '4', '3', '1');
INSERT INTO `schedule_tb` VALUES ('10267', '523', '19', '4', '3', '3', '1');
INSERT INTO `schedule_tb` VALUES ('10268', '523', '19', '4', '4', '3', '1');
INSERT INTO `schedule_tb` VALUES ('10269', '523', '19', '5', '3', '3', '1');
INSERT INTO `schedule_tb` VALUES ('10270', '523', '19', '5', '4', '3', '1');
INSERT INTO `schedule_tb` VALUES ('10271', '524', '12', '2', '1', '1', '1');
INSERT INTO `schedule_tb` VALUES ('10272', '524', '13', '2', '1', '1', '1');
INSERT INTO `schedule_tb` VALUES ('10273', '524', '14', '2', '1', '1', '1');
INSERT INTO `schedule_tb` VALUES ('10274', '524', '15', '2', '1', '1', '1');
INSERT INTO `schedule_tb` VALUES ('10275', '524', '16', '2', '1', '1', '1');
INSERT INTO `schedule_tb` VALUES ('10276', '525', '12', '5', '1', '2', '1');
INSERT INTO `schedule_tb` VALUES ('10277', '525', '13', '5', '1', '2', '1');
INSERT INTO `schedule_tb` VALUES ('10278', '525', '14', '5', '1', '2', '1');
INSERT INTO `schedule_tb` VALUES ('10279', '525', '15', '5', '1', '2', '1');
INSERT INTO `schedule_tb` VALUES ('10280', '525', '16', '5', '1', '2', '1');
INSERT INTO `schedule_tb` VALUES ('10281', '526', '12', '2', '3', '5', '1');
INSERT INTO `schedule_tb` VALUES ('10282', '526', '12', '2', '3', '8', '1');
INSERT INTO `schedule_tb` VALUES ('10283', '526', '13', '2', '3', '5', '1');
INSERT INTO `schedule_tb` VALUES ('10284', '526', '13', '2', '3', '8', '1');
INSERT INTO `schedule_tb` VALUES ('10285', '526', '14', '2', '3', '5', '1');
INSERT INTO `schedule_tb` VALUES ('10286', '526', '14', '2', '3', '8', '1');
INSERT INTO `schedule_tb` VALUES ('10287', '526', '15', '2', '3', '5', '1');
INSERT INTO `schedule_tb` VALUES ('10288', '526', '15', '2', '3', '8', '1');
INSERT INTO `schedule_tb` VALUES ('10289', '526', '16', '2', '3', '5', '1');
INSERT INTO `schedule_tb` VALUES ('10290', '526', '16', '2', '3', '8', '1');
INSERT INTO `schedule_tb` VALUES ('10291', '527', '12', '4', '2', '1', '1');
INSERT INTO `schedule_tb` VALUES ('10292', '527', '13', '4', '2', '1', '1');
INSERT INTO `schedule_tb` VALUES ('10293', '527', '14', '4', '2', '1', '1');
INSERT INTO `schedule_tb` VALUES ('10294', '527', '15', '4', '2', '1', '1');
INSERT INTO `schedule_tb` VALUES ('10295', '527', '16', '4', '2', '1', '1');
INSERT INTO `schedule_tb` VALUES ('10296', '528', '17', '1', '1', '2', '1');
INSERT INTO `schedule_tb` VALUES ('10297', '528', '17', '1', '2', '2', '1');
INSERT INTO `schedule_tb` VALUES ('10298', '528', '17', '1', '3', '2', '1');
INSERT INTO `schedule_tb` VALUES ('10299', '528', '17', '1', '4', '2', '1');
INSERT INTO `schedule_tb` VALUES ('10300', '528', '17', '2', '1', '2', '1');
INSERT INTO `schedule_tb` VALUES ('10301', '528', '17', '2', '2', '2', '1');
INSERT INTO `schedule_tb` VALUES ('10302', '528', '17', '2', '3', '2', '1');
INSERT INTO `schedule_tb` VALUES ('10303', '528', '17', '2', '4', '2', '1');
INSERT INTO `schedule_tb` VALUES ('10304', '528', '17', '3', '1', '2', '1');
INSERT INTO `schedule_tb` VALUES ('10305', '528', '17', '3', '2', '2', '1');
INSERT INTO `schedule_tb` VALUES ('10306', '528', '17', '3', '3', '2', '1');
INSERT INTO `schedule_tb` VALUES ('10307', '528', '17', '3', '4', '2', '1');
INSERT INTO `schedule_tb` VALUES ('10308', '528', '17', '4', '1', '2', '1');
INSERT INTO `schedule_tb` VALUES ('10309', '528', '17', '4', '2', '2', '1');
INSERT INTO `schedule_tb` VALUES ('10310', '528', '17', '4', '3', '2', '1');
INSERT INTO `schedule_tb` VALUES ('10311', '528', '17', '4', '4', '2', '1');
INSERT INTO `schedule_tb` VALUES ('10312', '528', '17', '5', '1', '2', '1');
INSERT INTO `schedule_tb` VALUES ('10313', '528', '17', '5', '2', '2', '1');
INSERT INTO `schedule_tb` VALUES ('10314', '528', '17', '5', '3', '2', '1');
INSERT INTO `schedule_tb` VALUES ('10315', '528', '17', '5', '4', '2', '1');
INSERT INTO `schedule_tb` VALUES ('10316', '528', '18', '1', '1', '2', '1');
INSERT INTO `schedule_tb` VALUES ('10317', '528', '18', '1', '2', '2', '1');
INSERT INTO `schedule_tb` VALUES ('10318', '528', '18', '1', '3', '2', '1');
INSERT INTO `schedule_tb` VALUES ('10319', '528', '18', '1', '4', '2', '1');
INSERT INTO `schedule_tb` VALUES ('10320', '528', '18', '2', '1', '2', '1');
INSERT INTO `schedule_tb` VALUES ('10321', '528', '18', '2', '2', '2', '1');
INSERT INTO `schedule_tb` VALUES ('10322', '528', '18', '2', '3', '2', '1');
INSERT INTO `schedule_tb` VALUES ('10323', '528', '18', '2', '4', '2', '1');
INSERT INTO `schedule_tb` VALUES ('10324', '528', '18', '3', '1', '2', '1');
INSERT INTO `schedule_tb` VALUES ('10325', '528', '18', '3', '2', '2', '1');
INSERT INTO `schedule_tb` VALUES ('10326', '528', '18', '3', '3', '2', '1');
INSERT INTO `schedule_tb` VALUES ('10327', '528', '18', '3', '4', '2', '1');
INSERT INTO `schedule_tb` VALUES ('10328', '528', '18', '4', '1', '2', '1');
INSERT INTO `schedule_tb` VALUES ('10329', '528', '18', '4', '2', '2', '1');
INSERT INTO `schedule_tb` VALUES ('10330', '528', '18', '4', '3', '2', '1');
INSERT INTO `schedule_tb` VALUES ('10331', '528', '18', '4', '4', '2', '1');
INSERT INTO `schedule_tb` VALUES ('10332', '528', '18', '5', '1', '2', '1');
INSERT INTO `schedule_tb` VALUES ('10333', '528', '18', '5', '2', '2', '1');
INSERT INTO `schedule_tb` VALUES ('10334', '528', '18', '5', '3', '2', '1');
INSERT INTO `schedule_tb` VALUES ('10335', '528', '18', '5', '4', '2', '1');
INSERT INTO `schedule_tb` VALUES ('10336', '529', '18', '1', '1', '1', '1');
INSERT INTO `schedule_tb` VALUES ('10337', '529', '18', '1', '2', '1', '1');
INSERT INTO `schedule_tb` VALUES ('10338', '529', '18', '1', '3', '1', '1');
INSERT INTO `schedule_tb` VALUES ('10339', '529', '18', '1', '4', '1', '1');
INSERT INTO `schedule_tb` VALUES ('10340', '529', '18', '2', '1', '1', '1');
INSERT INTO `schedule_tb` VALUES ('10341', '529', '18', '2', '2', '1', '1');
INSERT INTO `schedule_tb` VALUES ('10342', '529', '18', '2', '3', '1', '1');
INSERT INTO `schedule_tb` VALUES ('10343', '529', '18', '2', '4', '1', '1');
INSERT INTO `schedule_tb` VALUES ('10344', '529', '18', '3', '1', '1', '1');
INSERT INTO `schedule_tb` VALUES ('10345', '529', '18', '3', '2', '1', '1');
INSERT INTO `schedule_tb` VALUES ('10346', '529', '18', '3', '3', '1', '1');
INSERT INTO `schedule_tb` VALUES ('10347', '529', '18', '3', '4', '1', '1');
INSERT INTO `schedule_tb` VALUES ('10348', '529', '18', '4', '1', '1', '1');
INSERT INTO `schedule_tb` VALUES ('10349', '529', '18', '4', '2', '1', '1');
INSERT INTO `schedule_tb` VALUES ('10350', '529', '18', '4', '3', '1', '1');
INSERT INTO `schedule_tb` VALUES ('10351', '529', '18', '4', '4', '1', '1');
INSERT INTO `schedule_tb` VALUES ('10352', '529', '18', '5', '1', '1', '1');
INSERT INTO `schedule_tb` VALUES ('10353', '529', '18', '5', '2', '1', '1');
INSERT INTO `schedule_tb` VALUES ('10354', '529', '18', '5', '3', '1', '1');
INSERT INTO `schedule_tb` VALUES ('10355', '529', '18', '5', '4', '1', '1');
INSERT INTO `schedule_tb` VALUES ('10356', '530', '19', '1', '1', '2', '1');
INSERT INTO `schedule_tb` VALUES ('10357', '530', '19', '1', '2', '2', '1');
INSERT INTO `schedule_tb` VALUES ('10358', '530', '19', '1', '3', '2', '1');
INSERT INTO `schedule_tb` VALUES ('10359', '530', '19', '1', '4', '2', '1');
INSERT INTO `schedule_tb` VALUES ('10360', '530', '19', '2', '1', '2', '1');
INSERT INTO `schedule_tb` VALUES ('10361', '530', '19', '2', '2', '2', '1');
INSERT INTO `schedule_tb` VALUES ('10362', '530', '19', '2', '3', '2', '1');
INSERT INTO `schedule_tb` VALUES ('10363', '530', '19', '2', '4', '2', '1');
INSERT INTO `schedule_tb` VALUES ('10364', '530', '19', '3', '1', '2', '1');
INSERT INTO `schedule_tb` VALUES ('10365', '530', '19', '3', '2', '2', '1');
INSERT INTO `schedule_tb` VALUES ('10366', '530', '19', '3', '3', '2', '1');
INSERT INTO `schedule_tb` VALUES ('10367', '530', '19', '3', '4', '2', '1');
INSERT INTO `schedule_tb` VALUES ('10368', '530', '19', '4', '1', '2', '1');
INSERT INTO `schedule_tb` VALUES ('10369', '530', '19', '4', '2', '2', '1');
INSERT INTO `schedule_tb` VALUES ('10370', '530', '19', '4', '3', '2', '1');
INSERT INTO `schedule_tb` VALUES ('10371', '530', '19', '4', '4', '2', '1');
INSERT INTO `schedule_tb` VALUES ('10372', '530', '19', '5', '1', '2', '1');
INSERT INTO `schedule_tb` VALUES ('10373', '530', '19', '5', '2', '2', '1');
INSERT INTO `schedule_tb` VALUES ('10374', '530', '19', '5', '3', '2', '1');
INSERT INTO `schedule_tb` VALUES ('10375', '530', '19', '5', '4', '2', '1');
INSERT INTO `schedule_tb` VALUES ('10376', '531', '18', '1', '1', '6', '1');
INSERT INTO `schedule_tb` VALUES ('10377', '531', '18', '1', '2', '6', '1');
INSERT INTO `schedule_tb` VALUES ('10378', '531', '18', '1', '3', '6', '1');
INSERT INTO `schedule_tb` VALUES ('10379', '531', '18', '1', '4', '6', '1');
INSERT INTO `schedule_tb` VALUES ('10380', '531', '18', '1', '1', '9', '1');
INSERT INTO `schedule_tb` VALUES ('10381', '531', '18', '1', '2', '9', '1');
INSERT INTO `schedule_tb` VALUES ('10382', '531', '18', '1', '3', '9', '1');
INSERT INTO `schedule_tb` VALUES ('10383', '531', '18', '1', '4', '9', '1');
INSERT INTO `schedule_tb` VALUES ('10384', '531', '18', '2', '1', '6', '1');
INSERT INTO `schedule_tb` VALUES ('10385', '531', '18', '2', '2', '6', '1');
INSERT INTO `schedule_tb` VALUES ('10386', '531', '18', '2', '3', '6', '1');
INSERT INTO `schedule_tb` VALUES ('10387', '531', '18', '2', '4', '6', '1');
INSERT INTO `schedule_tb` VALUES ('10388', '531', '18', '2', '1', '9', '1');
INSERT INTO `schedule_tb` VALUES ('10389', '531', '18', '2', '2', '9', '1');
INSERT INTO `schedule_tb` VALUES ('10390', '531', '18', '2', '3', '9', '1');
INSERT INTO `schedule_tb` VALUES ('10391', '531', '18', '2', '4', '9', '1');
INSERT INTO `schedule_tb` VALUES ('10392', '531', '18', '3', '1', '6', '1');
INSERT INTO `schedule_tb` VALUES ('10393', '531', '18', '3', '2', '6', '1');
INSERT INTO `schedule_tb` VALUES ('10394', '531', '18', '3', '3', '6', '1');
INSERT INTO `schedule_tb` VALUES ('10395', '531', '18', '3', '4', '6', '1');
INSERT INTO `schedule_tb` VALUES ('10396', '531', '18', '3', '1', '9', '1');
INSERT INTO `schedule_tb` VALUES ('10397', '531', '18', '3', '2', '9', '1');
INSERT INTO `schedule_tb` VALUES ('10398', '531', '18', '3', '3', '9', '1');
INSERT INTO `schedule_tb` VALUES ('10399', '531', '18', '3', '4', '9', '1');
INSERT INTO `schedule_tb` VALUES ('10400', '531', '18', '4', '1', '6', '1');
INSERT INTO `schedule_tb` VALUES ('10401', '531', '18', '4', '2', '6', '1');
INSERT INTO `schedule_tb` VALUES ('10402', '531', '18', '4', '3', '6', '1');
INSERT INTO `schedule_tb` VALUES ('10403', '531', '18', '4', '4', '6', '1');
INSERT INTO `schedule_tb` VALUES ('10404', '531', '18', '4', '1', '9', '1');
INSERT INTO `schedule_tb` VALUES ('10405', '531', '18', '4', '2', '9', '1');
INSERT INTO `schedule_tb` VALUES ('10406', '531', '18', '4', '3', '9', '1');
INSERT INTO `schedule_tb` VALUES ('10407', '531', '18', '4', '4', '9', '1');
INSERT INTO `schedule_tb` VALUES ('10408', '531', '18', '5', '1', '6', '1');
INSERT INTO `schedule_tb` VALUES ('10409', '531', '18', '5', '2', '6', '1');
INSERT INTO `schedule_tb` VALUES ('10410', '531', '18', '5', '3', '6', '1');
INSERT INTO `schedule_tb` VALUES ('10411', '531', '18', '5', '4', '6', '1');
INSERT INTO `schedule_tb` VALUES ('10412', '531', '18', '5', '1', '9', '1');
INSERT INTO `schedule_tb` VALUES ('10413', '531', '18', '5', '2', '9', '1');
INSERT INTO `schedule_tb` VALUES ('10414', '531', '18', '5', '3', '9', '1');
INSERT INTO `schedule_tb` VALUES ('10415', '531', '18', '5', '4', '9', '1');
INSERT INTO `schedule_tb` VALUES ('10416', '531', '19', '1', '1', '6', '1');
INSERT INTO `schedule_tb` VALUES ('10417', '531', '19', '1', '2', '6', '1');
INSERT INTO `schedule_tb` VALUES ('10418', '531', '19', '1', '3', '6', '1');
INSERT INTO `schedule_tb` VALUES ('10419', '531', '19', '1', '4', '6', '1');
INSERT INTO `schedule_tb` VALUES ('10420', '531', '19', '1', '1', '9', '1');
INSERT INTO `schedule_tb` VALUES ('10421', '531', '19', '1', '2', '9', '1');
INSERT INTO `schedule_tb` VALUES ('10422', '531', '19', '1', '3', '9', '1');
INSERT INTO `schedule_tb` VALUES ('10423', '531', '19', '1', '4', '9', '1');
INSERT INTO `schedule_tb` VALUES ('10424', '531', '19', '2', '1', '6', '1');
INSERT INTO `schedule_tb` VALUES ('10425', '531', '19', '2', '2', '6', '1');
INSERT INTO `schedule_tb` VALUES ('10426', '531', '19', '2', '3', '6', '1');
INSERT INTO `schedule_tb` VALUES ('10427', '531', '19', '2', '4', '6', '1');
INSERT INTO `schedule_tb` VALUES ('10428', '531', '19', '2', '1', '9', '1');
INSERT INTO `schedule_tb` VALUES ('10429', '531', '19', '2', '2', '9', '1');
INSERT INTO `schedule_tb` VALUES ('10430', '531', '19', '2', '3', '9', '1');
INSERT INTO `schedule_tb` VALUES ('10431', '531', '19', '2', '4', '9', '1');
INSERT INTO `schedule_tb` VALUES ('10432', '531', '19', '3', '1', '6', '1');
INSERT INTO `schedule_tb` VALUES ('10433', '531', '19', '3', '2', '6', '1');
INSERT INTO `schedule_tb` VALUES ('10434', '531', '19', '3', '3', '6', '1');
INSERT INTO `schedule_tb` VALUES ('10435', '531', '19', '3', '4', '6', '1');
INSERT INTO `schedule_tb` VALUES ('10436', '531', '19', '3', '1', '9', '1');
INSERT INTO `schedule_tb` VALUES ('10437', '531', '19', '3', '2', '9', '1');
INSERT INTO `schedule_tb` VALUES ('10438', '531', '19', '3', '3', '9', '1');
INSERT INTO `schedule_tb` VALUES ('10439', '531', '19', '3', '4', '9', '1');
INSERT INTO `schedule_tb` VALUES ('10440', '531', '19', '4', '1', '6', '1');
INSERT INTO `schedule_tb` VALUES ('10441', '531', '19', '4', '2', '6', '1');
INSERT INTO `schedule_tb` VALUES ('10442', '531', '19', '4', '3', '6', '1');
INSERT INTO `schedule_tb` VALUES ('10443', '531', '19', '4', '4', '6', '1');
INSERT INTO `schedule_tb` VALUES ('10444', '531', '19', '4', '1', '9', '1');
INSERT INTO `schedule_tb` VALUES ('10445', '531', '19', '4', '2', '9', '1');
INSERT INTO `schedule_tb` VALUES ('10446', '531', '19', '4', '3', '9', '1');
INSERT INTO `schedule_tb` VALUES ('10447', '531', '19', '4', '4', '9', '1');
INSERT INTO `schedule_tb` VALUES ('10448', '531', '19', '5', '1', '6', '1');
INSERT INTO `schedule_tb` VALUES ('10449', '531', '19', '5', '2', '6', '1');
INSERT INTO `schedule_tb` VALUES ('10450', '531', '19', '5', '3', '6', '1');
INSERT INTO `schedule_tb` VALUES ('10451', '531', '19', '5', '4', '6', '1');
INSERT INTO `schedule_tb` VALUES ('10452', '531', '19', '5', '1', '9', '1');
INSERT INTO `schedule_tb` VALUES ('10453', '531', '19', '5', '2', '9', '1');
INSERT INTO `schedule_tb` VALUES ('10454', '531', '19', '5', '3', '9', '1');
INSERT INTO `schedule_tb` VALUES ('10455', '531', '19', '5', '4', '9', '1');
INSERT INTO `schedule_tb` VALUES ('10456', '532', '2', '1', '4', '1', '1');
INSERT INTO `schedule_tb` VALUES ('10457', '532', '3', '1', '4', '1', '1');
INSERT INTO `schedule_tb` VALUES ('10458', '532', '4', '1', '4', '1', '1');
INSERT INTO `schedule_tb` VALUES ('10459', '532', '5', '1', '4', '1', '1');
INSERT INTO `schedule_tb` VALUES ('10460', '532', '6', '1', '4', '1', '1');
INSERT INTO `schedule_tb` VALUES ('10461', '532', '7', '1', '4', '1', '1');
INSERT INTO `schedule_tb` VALUES ('10462', '532', '8', '1', '4', '1', '1');
INSERT INTO `schedule_tb` VALUES ('10463', '532', '9', '1', '4', '1', '1');
INSERT INTO `schedule_tb` VALUES ('10464', '532', '10', '1', '4', '1', '1');
INSERT INTO `schedule_tb` VALUES ('10465', '532', '11', '1', '4', '1', '1');
INSERT INTO `schedule_tb` VALUES ('10466', '532', '12', '1', '4', '1', '1');
INSERT INTO `schedule_tb` VALUES ('10467', '532', '13', '1', '4', '1', '1');
INSERT INTO `schedule_tb` VALUES ('10468', '532', '14', '1', '4', '1', '1');
INSERT INTO `schedule_tb` VALUES ('10469', '533', '3', '3', '2', '1', '1');
INSERT INTO `schedule_tb` VALUES ('10470', '533', '5', '3', '2', '1', '1');
INSERT INTO `schedule_tb` VALUES ('10471', '533', '7', '3', '2', '1', '1');
INSERT INTO `schedule_tb` VALUES ('10472', '533', '9', '3', '2', '1', '1');
INSERT INTO `schedule_tb` VALUES ('10473', '533', '11', '3', '2', '1', '1');
INSERT INTO `schedule_tb` VALUES ('10474', '533', '13', '3', '2', '1', '1');
INSERT INTO `schedule_tb` VALUES ('10475', '533', '15', '3', '2', '1', '1');
INSERT INTO `schedule_tb` VALUES ('10476', '534', '2', '4', '3', '6', '1');
INSERT INTO `schedule_tb` VALUES ('10477', '534', '4', '4', '3', '6', '1');
INSERT INTO `schedule_tb` VALUES ('10478', '534', '8', '4', '3', '6', '1');
INSERT INTO `schedule_tb` VALUES ('10479', '534', '10', '4', '3', '6', '1');
INSERT INTO `schedule_tb` VALUES ('10480', '534', '12', '4', '3', '6', '1');
INSERT INTO `schedule_tb` VALUES ('10481', '535', '19', '1', '1', '7', '1');
INSERT INTO `schedule_tb` VALUES ('10482', '535', '19', '1', '2', '7', '1');
INSERT INTO `schedule_tb` VALUES ('10483', '535', '19', '1', '3', '7', '1');
INSERT INTO `schedule_tb` VALUES ('10484', '535', '19', '1', '4', '7', '1');
INSERT INTO `schedule_tb` VALUES ('10485', '535', '19', '2', '1', '7', '1');
INSERT INTO `schedule_tb` VALUES ('10486', '535', '19', '2', '2', '7', '1');
INSERT INTO `schedule_tb` VALUES ('10487', '535', '19', '2', '3', '7', '1');
INSERT INTO `schedule_tb` VALUES ('10488', '535', '19', '2', '4', '7', '1');
INSERT INTO `schedule_tb` VALUES ('10489', '536', '14', '4', '4', '2', '1');
INSERT INTO `schedule_tb` VALUES ('10490', '536', '15', '4', '4', '2', '1');
INSERT INTO `schedule_tb` VALUES ('10491', '536', '16', '4', '4', '2', '1');
INSERT INTO `schedule_tb` VALUES ('10492', '537', '15', '1', '4', '2', '1');
INSERT INTO `schedule_tb` VALUES ('10493', '537', '16', '1', '4', '2', '1');
INSERT INTO `schedule_tb` VALUES ('10494', '538', '6', '2', '1', '5', '1');
INSERT INTO `schedule_tb` VALUES ('10495', '538', '7', '2', '1', '5', '1');
INSERT INTO `schedule_tb` VALUES ('10496', '538', '8', '2', '1', '5', '1');
INSERT INTO `schedule_tb` VALUES ('10497', '538', '9', '2', '1', '5', '1');
INSERT INTO `schedule_tb` VALUES ('10498', '538', '10', '2', '1', '5', '1');
INSERT INTO `schedule_tb` VALUES ('10499', '538', '11', '2', '1', '5', '1');
INSERT INTO `schedule_tb` VALUES ('10500', '538', '12', '2', '1', '5', '1');
INSERT INTO `schedule_tb` VALUES ('10501', '538', '13', '2', '1', '5', '1');
INSERT INTO `schedule_tb` VALUES ('10502', '538', '14', '2', '1', '5', '1');
INSERT INTO `schedule_tb` VALUES ('10503', '538', '15', '2', '1', '5', '1');
INSERT INTO `schedule_tb` VALUES ('10504', '539', '9', '2', '2', '5', '1');
INSERT INTO `schedule_tb` VALUES ('10505', '539', '10', '2', '2', '5', '1');
INSERT INTO `schedule_tb` VALUES ('10506', '539', '11', '2', '2', '5', '1');
INSERT INTO `schedule_tb` VALUES ('10507', '539', '12', '2', '2', '5', '1');
INSERT INTO `schedule_tb` VALUES ('10508', '539', '13', '2', '2', '5', '1');
INSERT INTO `schedule_tb` VALUES ('10509', '540', '4', '2', '4', '6', '1');
INSERT INTO `schedule_tb` VALUES ('10510', '540', '5', '2', '4', '6', '1');
INSERT INTO `schedule_tb` VALUES ('10511', '540', '6', '2', '4', '6', '1');
INSERT INTO `schedule_tb` VALUES ('10512', '540', '7', '2', '4', '6', '1');
INSERT INTO `schedule_tb` VALUES ('10513', '540', '8', '2', '4', '6', '1');
INSERT INTO `schedule_tb` VALUES ('10514', '540', '9', '2', '4', '6', '1');
INSERT INTO `schedule_tb` VALUES ('10515', '540', '10', '2', '4', '6', '1');
INSERT INTO `schedule_tb` VALUES ('10516', '540', '11', '2', '4', '6', '1');
INSERT INTO `schedule_tb` VALUES ('10517', '540', '12', '2', '4', '6', '1');
INSERT INTO `schedule_tb` VALUES ('10518', '540', '13', '2', '4', '6', '1');
INSERT INTO `schedule_tb` VALUES ('10519', '541', '17', '1', '1', '8', '1');
INSERT INTO `schedule_tb` VALUES ('10520', '541', '17', '1', '2', '8', '1');
INSERT INTO `schedule_tb` VALUES ('10521', '541', '17', '2', '1', '8', '1');
INSERT INTO `schedule_tb` VALUES ('10522', '541', '17', '2', '2', '8', '1');
INSERT INTO `schedule_tb` VALUES ('10523', '541', '17', '3', '1', '8', '1');
INSERT INTO `schedule_tb` VALUES ('10524', '541', '17', '3', '2', '8', '1');
INSERT INTO `schedule_tb` VALUES ('10525', '541', '17', '4', '1', '8', '1');
INSERT INTO `schedule_tb` VALUES ('10526', '541', '17', '4', '2', '8', '1');
INSERT INTO `schedule_tb` VALUES ('10527', '541', '17', '5', '1', '8', '1');
INSERT INTO `schedule_tb` VALUES ('10528', '541', '17', '5', '2', '8', '1');
INSERT INTO `schedule_tb` VALUES ('10529', '541', '18', '1', '1', '8', '1');
INSERT INTO `schedule_tb` VALUES ('10530', '541', '18', '1', '2', '8', '1');
INSERT INTO `schedule_tb` VALUES ('10531', '541', '18', '2', '1', '8', '1');
INSERT INTO `schedule_tb` VALUES ('10532', '541', '18', '2', '2', '8', '1');
INSERT INTO `schedule_tb` VALUES ('10533', '541', '18', '3', '1', '8', '1');
INSERT INTO `schedule_tb` VALUES ('10534', '541', '18', '3', '2', '8', '1');
INSERT INTO `schedule_tb` VALUES ('10535', '541', '18', '4', '1', '8', '1');
INSERT INTO `schedule_tb` VALUES ('10536', '541', '18', '4', '2', '8', '1');
INSERT INTO `schedule_tb` VALUES ('10537', '541', '18', '5', '1', '8', '1');
INSERT INTO `schedule_tb` VALUES ('10538', '541', '18', '5', '2', '8', '1');
INSERT INTO `schedule_tb` VALUES ('10539', '541', '19', '1', '1', '8', '1');
INSERT INTO `schedule_tb` VALUES ('10540', '541', '19', '1', '2', '8', '1');
INSERT INTO `schedule_tb` VALUES ('10541', '541', '19', '2', '1', '8', '1');
INSERT INTO `schedule_tb` VALUES ('10542', '541', '19', '2', '2', '8', '1');
INSERT INTO `schedule_tb` VALUES ('10543', '541', '19', '3', '1', '8', '1');
INSERT INTO `schedule_tb` VALUES ('10544', '541', '19', '3', '2', '8', '1');
INSERT INTO `schedule_tb` VALUES ('10545', '541', '19', '4', '1', '8', '1');
INSERT INTO `schedule_tb` VALUES ('10546', '541', '19', '4', '2', '8', '1');
INSERT INTO `schedule_tb` VALUES ('10547', '541', '19', '5', '1', '8', '1');
INSERT INTO `schedule_tb` VALUES ('10548', '541', '19', '5', '2', '8', '1');
INSERT INTO `schedule_tb` VALUES ('10549', '541', '20', '1', '1', '8', '1');
INSERT INTO `schedule_tb` VALUES ('10550', '541', '20', '1', '2', '8', '1');
INSERT INTO `schedule_tb` VALUES ('10551', '541', '20', '2', '1', '8', '1');
INSERT INTO `schedule_tb` VALUES ('10552', '541', '20', '2', '2', '8', '1');
INSERT INTO `schedule_tb` VALUES ('10553', '541', '20', '3', '1', '8', '1');
INSERT INTO `schedule_tb` VALUES ('10554', '541', '20', '3', '2', '8', '1');
INSERT INTO `schedule_tb` VALUES ('10555', '541', '20', '4', '1', '8', '1');
INSERT INTO `schedule_tb` VALUES ('10556', '541', '20', '4', '2', '8', '1');
INSERT INTO `schedule_tb` VALUES ('10557', '541', '20', '5', '1', '8', '1');
INSERT INTO `schedule_tb` VALUES ('10558', '541', '20', '5', '2', '8', '1');
INSERT INTO `schedule_tb` VALUES ('10559', '542', '9', '5', '2', '7', '1');
INSERT INTO `schedule_tb` VALUES ('10560', '542', '10', '5', '2', '7', '1');
INSERT INTO `schedule_tb` VALUES ('10561', '542', '11', '5', '2', '7', '1');
INSERT INTO `schedule_tb` VALUES ('10562', '542', '12', '5', '2', '7', '1');
INSERT INTO `schedule_tb` VALUES ('10563', '542', '13', '5', '2', '7', '1');
INSERT INTO `schedule_tb` VALUES ('10564', '542', '14', '5', '2', '7', '1');
INSERT INTO `schedule_tb` VALUES ('10565', '542', '15', '5', '2', '7', '1');
INSERT INTO `schedule_tb` VALUES ('10566', '542', '16', '5', '2', '7', '1');
INSERT INTO `schedule_tb` VALUES ('10567', '542', '17', '5', '2', '7', '1');
INSERT INTO `schedule_tb` VALUES ('10568', '542', '18', '5', '2', '7', '1');
INSERT INTO `schedule_tb` VALUES ('10569', '542', '19', '5', '2', '7', '1');
INSERT INTO `schedule_tb` VALUES ('10570', '543', '10', '2', '3', '7', '1');
INSERT INTO `schedule_tb` VALUES ('10571', '543', '11', '2', '3', '7', '1');
INSERT INTO `schedule_tb` VALUES ('10572', '543', '12', '2', '3', '7', '1');
INSERT INTO `schedule_tb` VALUES ('10573', '543', '13', '2', '3', '7', '1');
INSERT INTO `schedule_tb` VALUES ('10574', '543', '14', '2', '3', '7', '1');
INSERT INTO `schedule_tb` VALUES ('10575', '544', '10', '2', '1', '6', '1');
INSERT INTO `schedule_tb` VALUES ('10576', '544', '11', '2', '1', '6', '1');
INSERT INTO `schedule_tb` VALUES ('10577', '544', '12', '2', '1', '6', '1');
INSERT INTO `schedule_tb` VALUES ('10578', '544', '13', '2', '1', '6', '1');
INSERT INTO `schedule_tb` VALUES ('10579', '544', '14', '2', '1', '6', '1');
INSERT INTO `schedule_tb` VALUES ('10580', '545', '6', '2', '3', '6', '1');
INSERT INTO `schedule_tb` VALUES ('10581', '545', '7', '2', '3', '6', '1');
INSERT INTO `schedule_tb` VALUES ('10582', '545', '8', '2', '3', '6', '1');
INSERT INTO `schedule_tb` VALUES ('10583', '545', '9', '2', '3', '6', '1');
INSERT INTO `schedule_tb` VALUES ('10584', '545', '10', '2', '3', '6', '1');
INSERT INTO `schedule_tb` VALUES ('10585', '545', '11', '2', '3', '6', '1');
INSERT INTO `schedule_tb` VALUES ('10586', '545', '12', '2', '3', '6', '1');
INSERT INTO `schedule_tb` VALUES ('10587', '545', '13', '2', '3', '6', '1');
INSERT INTO `schedule_tb` VALUES ('10588', '545', '14', '2', '3', '6', '1');
INSERT INTO `schedule_tb` VALUES ('10589', '545', '15', '2', '3', '6', '1');
INSERT INTO `schedule_tb` VALUES ('10590', '546', '19', '1', '3', '6', '1');
INSERT INTO `schedule_tb` VALUES ('10591', '547', '6', '4', '2', '7', '1');
INSERT INTO `schedule_tb` VALUES ('10592', '547', '8', '4', '2', '7', '1');
INSERT INTO `schedule_tb` VALUES ('10593', '547', '10', '4', '2', '7', '1');
INSERT INTO `schedule_tb` VALUES ('10594', '547', '12', '4', '2', '7', '1');
INSERT INTO `schedule_tb` VALUES ('10595', '547', '14', '4', '2', '7', '1');
INSERT INTO `schedule_tb` VALUES ('10596', '548', '10', '3', '2', '7', '1');
INSERT INTO `schedule_tb` VALUES ('10597', '548', '11', '3', '2', '7', '1');
INSERT INTO `schedule_tb` VALUES ('10598', '548', '12', '3', '2', '7', '1');
INSERT INTO `schedule_tb` VALUES ('10599', '548', '13', '3', '2', '7', '1');
INSERT INTO `schedule_tb` VALUES ('10600', '548', '14', '3', '2', '7', '1');
INSERT INTO `schedule_tb` VALUES ('10601', '549', '12', '4', '4', '7', '1');
INSERT INTO `schedule_tb` VALUES ('10602', '549', '12', '4', '4', '8', '1');
INSERT INTO `schedule_tb` VALUES ('10603', '549', '13', '4', '4', '7', '1');
INSERT INTO `schedule_tb` VALUES ('10604', '549', '13', '4', '4', '8', '1');
INSERT INTO `schedule_tb` VALUES ('10605', '549', '14', '4', '4', '7', '1');
INSERT INTO `schedule_tb` VALUES ('10606', '549', '14', '4', '4', '8', '1');
INSERT INTO `schedule_tb` VALUES ('10607', '549', '15', '4', '4', '7', '1');
INSERT INTO `schedule_tb` VALUES ('10608', '549', '15', '4', '4', '8', '1');
INSERT INTO `schedule_tb` VALUES ('10609', '549', '16', '4', '4', '7', '1');
INSERT INTO `schedule_tb` VALUES ('10610', '549', '16', '4', '4', '8', '1');
INSERT INTO `schedule_tb` VALUES ('10611', '549', '17', '4', '4', '7', '1');
INSERT INTO `schedule_tb` VALUES ('10612', '549', '17', '4', '4', '8', '1');
INSERT INTO `schedule_tb` VALUES ('10613', '550', '4', '2', '4', '7', '1');
INSERT INTO `schedule_tb` VALUES ('10614', '550', '5', '2', '4', '7', '1');
INSERT INTO `schedule_tb` VALUES ('10615', '550', '6', '2', '4', '7', '1');
INSERT INTO `schedule_tb` VALUES ('10616', '550', '7', '2', '4', '7', '1');
INSERT INTO `schedule_tb` VALUES ('10617', '550', '8', '2', '4', '7', '1');
INSERT INTO `schedule_tb` VALUES ('10618', '550', '9', '2', '4', '7', '1');
INSERT INTO `schedule_tb` VALUES ('10619', '550', '10', '2', '4', '7', '1');
INSERT INTO `schedule_tb` VALUES ('10620', '550', '11', '2', '4', '7', '1');
INSERT INTO `schedule_tb` VALUES ('10621', '550', '12', '2', '4', '7', '1');
INSERT INTO `schedule_tb` VALUES ('10622', '550', '13', '2', '4', '7', '1');
INSERT INTO `schedule_tb` VALUES ('10623', '551', '2', '4', '1', '9', '1');
INSERT INTO `schedule_tb` VALUES ('10624', '551', '4', '4', '1', '9', '1');
INSERT INTO `schedule_tb` VALUES ('10625', '551', '6', '4', '1', '9', '1');
INSERT INTO `schedule_tb` VALUES ('10626', '551', '8', '4', '1', '9', '1');
INSERT INTO `schedule_tb` VALUES ('10627', '551', '10', '4', '1', '9', '1');
INSERT INTO `schedule_tb` VALUES ('10628', '551', '12', '4', '1', '9', '1');
INSERT INTO `schedule_tb` VALUES ('10629', '551', '14', '4', '1', '9', '1');
INSERT INTO `schedule_tb` VALUES ('10630', '551', '16', '4', '1', '9', '1');
INSERT INTO `schedule_tb` VALUES ('10631', '551', '18', '4', '1', '9', '1');
INSERT INTO `schedule_tb` VALUES ('10632', '552', '17', '1', '1', '9', '1');
INSERT INTO `schedule_tb` VALUES ('10633', '553', '12', '6', '1', '5', '1');
INSERT INTO `schedule_tb` VALUES ('10634', '553', '12', '6', '2', '5', '1');
INSERT INTO `schedule_tb` VALUES ('10635', '553', '12', '6', '3', '5', '1');
INSERT INTO `schedule_tb` VALUES ('10636', '553', '12', '6', '4', '5', '1');
INSERT INTO `schedule_tb` VALUES ('10637', '553', '12', '7', '1', '5', '1');
INSERT INTO `schedule_tb` VALUES ('10638', '553', '12', '7', '2', '5', '1');
INSERT INTO `schedule_tb` VALUES ('10639', '553', '12', '7', '3', '5', '1');
INSERT INTO `schedule_tb` VALUES ('10640', '553', '12', '7', '4', '5', '1');
INSERT INTO `schedule_tb` VALUES ('10641', '553', '13', '6', '1', '5', '1');
INSERT INTO `schedule_tb` VALUES ('10642', '553', '13', '6', '2', '5', '1');
INSERT INTO `schedule_tb` VALUES ('10643', '553', '13', '6', '3', '5', '1');
INSERT INTO `schedule_tb` VALUES ('10644', '553', '13', '6', '4', '5', '1');
INSERT INTO `schedule_tb` VALUES ('10645', '553', '13', '7', '1', '5', '1');
INSERT INTO `schedule_tb` VALUES ('10646', '553', '13', '7', '2', '5', '1');
INSERT INTO `schedule_tb` VALUES ('10647', '553', '13', '7', '3', '5', '1');
INSERT INTO `schedule_tb` VALUES ('10648', '553', '13', '7', '4', '5', '1');
INSERT INTO `schedule_tb` VALUES ('10649', '553', '14', '6', '1', '5', '1');
INSERT INTO `schedule_tb` VALUES ('10650', '553', '14', '6', '2', '5', '1');
INSERT INTO `schedule_tb` VALUES ('10651', '553', '14', '6', '3', '5', '1');
INSERT INTO `schedule_tb` VALUES ('10652', '553', '14', '6', '4', '5', '1');
INSERT INTO `schedule_tb` VALUES ('10653', '553', '14', '7', '1', '5', '1');
INSERT INTO `schedule_tb` VALUES ('10654', '553', '14', '7', '2', '5', '1');
INSERT INTO `schedule_tb` VALUES ('10655', '553', '14', '7', '3', '5', '1');
INSERT INTO `schedule_tb` VALUES ('10656', '553', '14', '7', '4', '5', '1');
INSERT INTO `schedule_tb` VALUES ('10657', '554', '2', '3', '2', '1', '1');
INSERT INTO `schedule_tb` VALUES ('10658', '554', '2', '3', '2', '6', '1');
INSERT INTO `schedule_tb` VALUES ('10659', '554', '4', '3', '2', '1', '1');
INSERT INTO `schedule_tb` VALUES ('10660', '554', '4', '3', '2', '6', '1');
INSERT INTO `schedule_tb` VALUES ('10661', '554', '6', '3', '2', '1', '1');
INSERT INTO `schedule_tb` VALUES ('10662', '554', '6', '3', '2', '6', '1');
INSERT INTO `schedule_tb` VALUES ('10663', '554', '8', '3', '2', '1', '1');
INSERT INTO `schedule_tb` VALUES ('10664', '554', '8', '3', '2', '6', '1');
INSERT INTO `schedule_tb` VALUES ('10665', '554', '10', '3', '2', '1', '1');
INSERT INTO `schedule_tb` VALUES ('10666', '554', '10', '3', '2', '6', '1');
INSERT INTO `schedule_tb` VALUES ('10667', '554', '12', '3', '2', '1', '1');
INSERT INTO `schedule_tb` VALUES ('10668', '554', '12', '3', '2', '6', '1');
INSERT INTO `schedule_tb` VALUES ('10669', '554', '14', '3', '2', '1', '1');
INSERT INTO `schedule_tb` VALUES ('10670', '554', '14', '3', '2', '6', '1');
INSERT INTO `schedule_tb` VALUES ('10671', '554', '16', '3', '2', '1', '1');
INSERT INTO `schedule_tb` VALUES ('10672', '554', '16', '3', '2', '6', '1');
INSERT INTO `schedule_tb` VALUES ('10673', '555', '18', '3', '2', '7', '1');
INSERT INTO `schedule_tb` VALUES ('10674', '556', '15', '2', '2', '3', '1');
INSERT INTO `schedule_tb` VALUES ('10675', '556', '16', '2', '2', '3', '1');
INSERT INTO `schedule_tb` VALUES ('10676', '556', '17', '2', '2', '3', '1');
INSERT INTO `schedule_tb` VALUES ('10677', '557', '16', '5', '4', '3', '1');
INSERT INTO `schedule_tb` VALUES ('10678', '557', '17', '5', '4', '3', '1');
INSERT INTO `schedule_tb` VALUES ('10679', '558', '7', '6', '1', '2', '1');
INSERT INTO `schedule_tb` VALUES ('10680', '558', '7', '6', '2', '2', '1');
INSERT INTO `schedule_tb` VALUES ('10681', '558', '7', '6', '3', '2', '1');
INSERT INTO `schedule_tb` VALUES ('10682', '558', '7', '6', '4', '2', '1');
INSERT INTO `schedule_tb` VALUES ('10683', '558', '7', '7', '1', '2', '1');
INSERT INTO `schedule_tb` VALUES ('10684', '558', '7', '7', '2', '2', '1');
INSERT INTO `schedule_tb` VALUES ('10685', '558', '7', '7', '3', '2', '1');
INSERT INTO `schedule_tb` VALUES ('10686', '558', '7', '7', '4', '2', '1');
INSERT INTO `schedule_tb` VALUES ('10687', '559', '8', '6', '1', '2', '1');
INSERT INTO `schedule_tb` VALUES ('10688', '559', '8', '6', '2', '2', '1');
INSERT INTO `schedule_tb` VALUES ('10689', '560', '8', '6', '3', '2', '1');
INSERT INTO `schedule_tb` VALUES ('10690', '560', '8', '6', '4', '2', '1');
INSERT INTO `schedule_tb` VALUES ('10691', '561', '8', '7', '1', '2', '1');
INSERT INTO `schedule_tb` VALUES ('10692', '561', '8', '7', '2', '2', '1');
INSERT INTO `schedule_tb` VALUES ('10693', '561', '8', '7', '3', '2', '1');
INSERT INTO `schedule_tb` VALUES ('10694', '561', '8', '7', '4', '2', '1');
INSERT INTO `schedule_tb` VALUES ('10695', '562', '9', '6', '1', '2', '1');
INSERT INTO `schedule_tb` VALUES ('10696', '562', '9', '6', '2', '2', '1');
INSERT INTO `schedule_tb` VALUES ('10697', '562', '9', '6', '3', '2', '1');
INSERT INTO `schedule_tb` VALUES ('10698', '562', '9', '6', '4', '2', '1');
INSERT INTO `schedule_tb` VALUES ('10699', '563', '8', '6', '3', '1', '1');
INSERT INTO `schedule_tb` VALUES ('10700', '563', '8', '6', '4', '1', '1');
INSERT INTO `schedule_tb` VALUES ('10701', '564', '8', '7', '1', '1', '1');
INSERT INTO `schedule_tb` VALUES ('10702', '564', '8', '7', '2', '1', '1');
INSERT INTO `schedule_tb` VALUES ('10703', '564', '8', '7', '3', '1', '1');
INSERT INTO `schedule_tb` VALUES ('10704', '564', '8', '7', '4', '1', '1');
INSERT INTO `schedule_tb` VALUES ('10705', '565', '9', '6', '1', '1', '1');
INSERT INTO `schedule_tb` VALUES ('10706', '565', '9', '6', '2', '1', '1');
INSERT INTO `schedule_tb` VALUES ('10707', '565', '9', '6', '3', '1', '1');
INSERT INTO `schedule_tb` VALUES ('10708', '565', '9', '6', '4', '1', '1');
INSERT INTO `schedule_tb` VALUES ('10709', '566', '7', '6', '1', '3', '1');
INSERT INTO `schedule_tb` VALUES ('10710', '566', '7', '6', '2', '3', '1');
INSERT INTO `schedule_tb` VALUES ('10711', '566', '7', '6', '3', '3', '1');
INSERT INTO `schedule_tb` VALUES ('10712', '566', '7', '6', '4', '3', '1');
INSERT INTO `schedule_tb` VALUES ('10713', '566', '7', '7', '1', '3', '1');
INSERT INTO `schedule_tb` VALUES ('10714', '566', '7', '7', '2', '3', '1');
INSERT INTO `schedule_tb` VALUES ('10715', '566', '7', '7', '3', '3', '1');
INSERT INTO `schedule_tb` VALUES ('10716', '566', '7', '7', '4', '3', '1');
INSERT INTO `schedule_tb` VALUES ('10717', '567', '8', '6', '1', '3', '1');
INSERT INTO `schedule_tb` VALUES ('10718', '567', '8', '6', '2', '3', '1');
INSERT INTO `schedule_tb` VALUES ('10719', '568', '11', '6', '1', '2', '1');
INSERT INTO `schedule_tb` VALUES ('10720', '568', '11', '6', '2', '2', '1');
INSERT INTO `schedule_tb` VALUES ('10721', '568', '11', '6', '3', '2', '1');
INSERT INTO `schedule_tb` VALUES ('10722', '568', '11', '6', '4', '2', '1');
INSERT INTO `schedule_tb` VALUES ('10723', '568', '11', '7', '1', '2', '1');
INSERT INTO `schedule_tb` VALUES ('10724', '568', '11', '7', '2', '2', '1');
INSERT INTO `schedule_tb` VALUES ('10725', '568', '11', '7', '3', '2', '1');
INSERT INTO `schedule_tb` VALUES ('10726', '568', '11', '7', '4', '2', '1');
INSERT INTO `schedule_tb` VALUES ('10727', '569', '12', '6', '1', '2', '1');
INSERT INTO `schedule_tb` VALUES ('10728', '569', '12', '6', '2', '2', '1');
INSERT INTO `schedule_tb` VALUES ('10729', '570', '5', '1', '4', '7', '1');
INSERT INTO `schedule_tb` VALUES ('10730', '570', '6', '1', '4', '7', '1');
INSERT INTO `schedule_tb` VALUES ('10731', '570', '7', '1', '4', '7', '1');
INSERT INTO `schedule_tb` VALUES ('10732', '570', '8', '1', '4', '7', '1');
INSERT INTO `schedule_tb` VALUES ('10733', '570', '9', '1', '4', '7', '1');
INSERT INTO `schedule_tb` VALUES ('10734', '571', '3', '4', '3', '5', '1');
INSERT INTO `schedule_tb` VALUES ('10735', '571', '3', '4', '4', '5', '1');
INSERT INTO `schedule_tb` VALUES ('10736', '571', '6', '4', '3', '5', '1');
INSERT INTO `schedule_tb` VALUES ('10737', '571', '6', '4', '4', '5', '1');
INSERT INTO `schedule_tb` VALUES ('10738', '571', '8', '4', '3', '5', '1');
INSERT INTO `schedule_tb` VALUES ('10739', '571', '8', '4', '4', '5', '1');
INSERT INTO `schedule_tb` VALUES ('10740', '571', '10', '4', '3', '5', '1');
INSERT INTO `schedule_tb` VALUES ('10741', '571', '10', '4', '4', '5', '1');
INSERT INTO `schedule_tb` VALUES ('10742', '571', '12', '4', '3', '5', '1');
INSERT INTO `schedule_tb` VALUES ('10743', '571', '12', '4', '4', '5', '1');
INSERT INTO `schedule_tb` VALUES ('10744', '572', '1', '3', '2', '9', '1');
INSERT INTO `schedule_tb` VALUES ('10745', '572', '2', '3', '2', '9', '1');
INSERT INTO `schedule_tb` VALUES ('10746', '572', '3', '3', '2', '9', '1');
INSERT INTO `schedule_tb` VALUES ('10747', '572', '4', '3', '2', '9', '1');
INSERT INTO `schedule_tb` VALUES ('10748', '572', '5', '3', '2', '9', '1');
INSERT INTO `schedule_tb` VALUES ('10749', '572', '6', '3', '2', '9', '1');
INSERT INTO `schedule_tb` VALUES ('10750', '572', '7', '3', '2', '9', '1');
INSERT INTO `schedule_tb` VALUES ('10751', '572', '8', '3', '2', '9', '1');
INSERT INTO `schedule_tb` VALUES ('10752', '572', '9', '3', '2', '9', '1');
INSERT INTO `schedule_tb` VALUES ('10753', '572', '10', '3', '2', '9', '1');
INSERT INTO `schedule_tb` VALUES ('10754', '572', '11', '3', '2', '9', '1');
INSERT INTO `schedule_tb` VALUES ('10755', '572', '12', '3', '2', '9', '1');
INSERT INTO `schedule_tb` VALUES ('10756', '572', '13', '3', '2', '9', '1');
INSERT INTO `schedule_tb` VALUES ('10757', '572', '14', '3', '2', '9', '1');
INSERT INTO `schedule_tb` VALUES ('10758', '572', '15', '3', '2', '9', '1');
INSERT INTO `schedule_tb` VALUES ('10759', '577', '2', '4', '2', '5', '1');
INSERT INTO `schedule_tb` VALUES ('10760', '577', '3', '4', '2', '5', '1');
INSERT INTO `schedule_tb` VALUES ('10761', '577', '4', '4', '2', '5', '1');
INSERT INTO `schedule_tb` VALUES ('10762', '577', '5', '4', '2', '5', '1');
INSERT INTO `schedule_tb` VALUES ('10763', '577', '6', '4', '2', '5', '1');
INSERT INTO `schedule_tb` VALUES ('10764', '577', '7', '4', '2', '5', '1');
INSERT INTO `schedule_tb` VALUES ('10765', '577', '8', '4', '2', '5', '1');
INSERT INTO `schedule_tb` VALUES ('10766', '577', '9', '4', '2', '5', '1');
INSERT INTO `schedule_tb` VALUES ('10767', '577', '10', '4', '2', '5', '1');
INSERT INTO `schedule_tb` VALUES ('10768', '577', '11', '4', '2', '5', '1');
INSERT INTO `schedule_tb` VALUES ('10769', '578', '14', '3', '4', '6', '1');
INSERT INTO `schedule_tb` VALUES ('10770', '578', '16', '3', '4', '6', '1');
INSERT INTO `schedule_tb` VALUES ('10771', '579', '14', '3', '4', '6', '1');
INSERT INTO `schedule_tb` VALUES ('10772', '579', '16', '3', '4', '6', '1');
INSERT INTO `schedule_tb` VALUES ('10773', '580', '14', '5', '2', '6', '1');
INSERT INTO `schedule_tb` VALUES ('10774', '580', '16', '5', '2', '6', '1');
INSERT INTO `schedule_tb` VALUES ('10775', '581', '15', '3', '4', '6', '1');
INSERT INTO `schedule_tb` VALUES ('10776', '582', '9', '2', '1', '7', '1');
INSERT INTO `schedule_tb` VALUES ('10777', '582', '10', '2', '1', '7', '1');
INSERT INTO `schedule_tb` VALUES ('10778', '582', '11', '2', '1', '7', '1');
INSERT INTO `schedule_tb` VALUES ('10779', '582', '12', '2', '1', '7', '1');
INSERT INTO `schedule_tb` VALUES ('10780', '582', '13', '2', '1', '7', '1');
INSERT INTO `schedule_tb` VALUES ('10781', '582', '14', '2', '1', '7', '1');
INSERT INTO `schedule_tb` VALUES ('10782', '582', '15', '2', '1', '7', '1');
INSERT INTO `schedule_tb` VALUES ('10783', '582', '16', '2', '1', '7', '1');
INSERT INTO `schedule_tb` VALUES ('10784', '582', '17', '2', '1', '7', '1');
INSERT INTO `schedule_tb` VALUES ('10785', '582', '18', '2', '1', '7', '1');
INSERT INTO `schedule_tb` VALUES ('10786', '583', '9', '4', '1', '7', '1');
INSERT INTO `schedule_tb` VALUES ('10787', '583', '11', '4', '1', '7', '1');
INSERT INTO `schedule_tb` VALUES ('10788', '583', '13', '4', '1', '7', '1');
INSERT INTO `schedule_tb` VALUES ('10789', '583', '15', '4', '1', '7', '1');
INSERT INTO `schedule_tb` VALUES ('10790', '583', '17', '4', '1', '7', '1');
INSERT INTO `schedule_tb` VALUES ('10791', '584', '1', '1', '2', '1', '1');
INSERT INTO `schedule_tb` VALUES ('10792', '584', '2', '1', '2', '1', '1');
INSERT INTO `schedule_tb` VALUES ('10793', '584', '3', '1', '2', '1', '1');
INSERT INTO `schedule_tb` VALUES ('10794', '584', '4', '1', '2', '1', '1');
INSERT INTO `schedule_tb` VALUES ('10795', '584', '5', '1', '2', '1', '1');
INSERT INTO `schedule_tb` VALUES ('10796', '584', '6', '1', '2', '1', '1');
INSERT INTO `schedule_tb` VALUES ('10797', '584', '7', '1', '2', '1', '1');
INSERT INTO `schedule_tb` VALUES ('10798', '584', '8', '1', '2', '1', '1');
INSERT INTO `schedule_tb` VALUES ('10799', '585', '1', '4', '1', '1', '1');
INSERT INTO `schedule_tb` VALUES ('10800', '585', '2', '4', '1', '1', '1');
INSERT INTO `schedule_tb` VALUES ('10801', '585', '3', '4', '1', '1', '1');
INSERT INTO `schedule_tb` VALUES ('10802', '585', '4', '4', '1', '1', '1');
INSERT INTO `schedule_tb` VALUES ('10803', '585', '5', '4', '1', '1', '1');
INSERT INTO `schedule_tb` VALUES ('10804', '585', '6', '4', '1', '1', '1');
INSERT INTO `schedule_tb` VALUES ('10805', '585', '7', '4', '1', '1', '1');
INSERT INTO `schedule_tb` VALUES ('10806', '585', '8', '4', '1', '1', '1');
INSERT INTO `schedule_tb` VALUES ('10807', '586', '2', '2', '1', '1', '1');
INSERT INTO `schedule_tb` VALUES ('10808', '586', '4', '2', '1', '1', '1');
INSERT INTO `schedule_tb` VALUES ('10809', '586', '7', '2', '1', '1', '1');
INSERT INTO `schedule_tb` VALUES ('10810', '586', '8', '2', '1', '1', '1');
INSERT INTO `schedule_tb` VALUES ('10811', '586', '10', '2', '1', '1', '1');
INSERT INTO `schedule_tb` VALUES ('10812', '587', '13', '2', '1', '8', '1');
INSERT INTO `schedule_tb` VALUES ('10813', '587', '14', '2', '1', '8', '1');
INSERT INTO `schedule_tb` VALUES ('10814', '587', '15', '2', '1', '8', '1');
INSERT INTO `schedule_tb` VALUES ('10815', '588', '5', '4', '2', '1', '1');
INSERT INTO `schedule_tb` VALUES ('10816', '588', '11', '4', '2', '1', '1');
INSERT INTO `schedule_tb` VALUES ('10817', '589', '13', '1', '3', '3', '1');
INSERT INTO `schedule_tb` VALUES ('10818', '589', '13', '1', '4', '3', '1');
INSERT INTO `schedule_tb` VALUES ('10819', '590', '12', '1', '1', '6', '1');
INSERT INTO `schedule_tb` VALUES ('10820', '590', '12', '1', '2', '6', '1');
INSERT INTO `schedule_tb` VALUES ('10821', '591', '12', '5', '3', '8', '1');
INSERT INTO `schedule_tb` VALUES ('10822', '591', '12', '5', '4', '8', '1');
INSERT INTO `schedule_tb` VALUES ('10823', '592', '12', '3', '3', '6', '1');
INSERT INTO `schedule_tb` VALUES ('10824', '592', '12', '3', '4', '6', '1');
INSERT INTO `schedule_tb` VALUES ('10825', '593', '3', '1', '3', '6', '1');
INSERT INTO `schedule_tb` VALUES ('10826', '593', '3', '1', '4', '6', '1');
INSERT INTO `schedule_tb` VALUES ('10827', '594', '13', '5', '1', '6', '1');
INSERT INTO `schedule_tb` VALUES ('10828', '594', '13', '5', '2', '6', '1');
INSERT INTO `schedule_tb` VALUES ('10829', '596', '13', '4', '1', '9', '1');
INSERT INTO `schedule_tb` VALUES ('10830', '596', '13', '4', '2', '9', '1');
INSERT INTO `schedule_tb` VALUES ('10831', '599', '1', '1', '2', '8', '1');
INSERT INTO `schedule_tb` VALUES ('10832', '599', '2', '1', '2', '8', '1');
INSERT INTO `schedule_tb` VALUES ('10833', '599', '3', '1', '2', '8', '1');
INSERT INTO `schedule_tb` VALUES ('10834', '599', '4', '1', '2', '8', '1');
INSERT INTO `schedule_tb` VALUES ('10835', '599', '5', '1', '2', '8', '1');
INSERT INTO `schedule_tb` VALUES ('10836', '599', '6', '1', '2', '8', '1');
INSERT INTO `schedule_tb` VALUES ('10837', '599', '7', '1', '2', '8', '1');
INSERT INTO `schedule_tb` VALUES ('10838', '600', '5', '2', '4', '8', '1');
INSERT INTO `schedule_tb` VALUES ('10839', '600', '6', '2', '4', '8', '1');
INSERT INTO `schedule_tb` VALUES ('10840', '600', '7', '2', '4', '8', '1');
INSERT INTO `schedule_tb` VALUES ('10841', '600', '8', '2', '4', '8', '1');
INSERT INTO `schedule_tb` VALUES ('10842', '600', '9', '2', '4', '8', '1');
INSERT INTO `schedule_tb` VALUES ('10843', '600', '10', '2', '4', '8', '1');
INSERT INTO `schedule_tb` VALUES ('10844', '600', '11', '2', '4', '8', '1');
INSERT INTO `schedule_tb` VALUES ('10845', '601', '5', '3', '2', '5', '1');
INSERT INTO `schedule_tb` VALUES ('10846', '601', '5', '3', '2', '8', '1');
INSERT INTO `schedule_tb` VALUES ('10847', '601', '6', '3', '2', '5', '1');
INSERT INTO `schedule_tb` VALUES ('10848', '601', '6', '3', '2', '8', '1');
INSERT INTO `schedule_tb` VALUES ('10849', '601', '7', '3', '2', '5', '1');
INSERT INTO `schedule_tb` VALUES ('10850', '601', '7', '3', '2', '8', '1');
INSERT INTO `schedule_tb` VALUES ('10851', '601', '8', '3', '2', '5', '1');
INSERT INTO `schedule_tb` VALUES ('10852', '601', '8', '3', '2', '8', '1');
INSERT INTO `schedule_tb` VALUES ('10853', '601', '9', '3', '2', '5', '1');
INSERT INTO `schedule_tb` VALUES ('10854', '601', '9', '3', '2', '8', '1');
INSERT INTO `schedule_tb` VALUES ('10855', '601', '10', '3', '2', '5', '1');
INSERT INTO `schedule_tb` VALUES ('10856', '601', '10', '3', '2', '8', '1');
INSERT INTO `schedule_tb` VALUES ('10857', '601', '11', '3', '2', '5', '1');
INSERT INTO `schedule_tb` VALUES ('10858', '601', '11', '3', '2', '8', '1');
INSERT INTO `schedule_tb` VALUES ('10859', '602', '5', '3', '4', '8', '1');
INSERT INTO `schedule_tb` VALUES ('10860', '602', '6', '3', '4', '8', '1');
INSERT INTO `schedule_tb` VALUES ('10861', '602', '7', '3', '4', '8', '1');
INSERT INTO `schedule_tb` VALUES ('10862', '602', '8', '3', '4', '8', '1');
INSERT INTO `schedule_tb` VALUES ('10863', '602', '9', '3', '4', '8', '1');
INSERT INTO `schedule_tb` VALUES ('10864', '602', '10', '3', '4', '8', '1');
INSERT INTO `schedule_tb` VALUES ('10865', '602', '11', '3', '4', '8', '1');
INSERT INTO `schedule_tb` VALUES ('10866', '603', '1', '1', '3', '8', '1');
INSERT INTO `schedule_tb` VALUES ('10867', '603', '2', '1', '3', '8', '1');
INSERT INTO `schedule_tb` VALUES ('10868', '603', '3', '1', '3', '8', '1');
INSERT INTO `schedule_tb` VALUES ('10869', '603', '4', '1', '3', '8', '1');
INSERT INTO `schedule_tb` VALUES ('10870', '603', '5', '1', '3', '8', '1');
INSERT INTO `schedule_tb` VALUES ('10871', '603', '6', '1', '3', '8', '1');
INSERT INTO `schedule_tb` VALUES ('10872', '603', '7', '1', '3', '8', '1');
INSERT INTO `schedule_tb` VALUES ('10873', '604', '5', '1', '4', '8', '1');
INSERT INTO `schedule_tb` VALUES ('10874', '604', '6', '1', '4', '8', '1');
INSERT INTO `schedule_tb` VALUES ('10875', '604', '7', '1', '4', '8', '1');
INSERT INTO `schedule_tb` VALUES ('10876', '604', '8', '1', '4', '8', '1');
INSERT INTO `schedule_tb` VALUES ('10877', '604', '9', '1', '4', '8', '1');
INSERT INTO `schedule_tb` VALUES ('10878', '604', '10', '1', '4', '8', '1');
INSERT INTO `schedule_tb` VALUES ('10879', '604', '11', '1', '4', '8', '1');
INSERT INTO `schedule_tb` VALUES ('10880', '605', '2', '1', '1', '8', '1');
INSERT INTO `schedule_tb` VALUES ('10881', '605', '3', '1', '1', '8', '1');
INSERT INTO `schedule_tb` VALUES ('10882', '605', '4', '1', '1', '8', '1');
INSERT INTO `schedule_tb` VALUES ('10883', '605', '5', '1', '1', '8', '1');
INSERT INTO `schedule_tb` VALUES ('10884', '605', '6', '1', '1', '8', '1');
INSERT INTO `schedule_tb` VALUES ('10885', '605', '7', '1', '1', '8', '1');
INSERT INTO `schedule_tb` VALUES ('10886', '605', '8', '1', '1', '8', '1');
INSERT INTO `schedule_tb` VALUES ('10887', '605', '9', '1', '1', '8', '1');
INSERT INTO `schedule_tb` VALUES ('10888', '605', '10', '1', '1', '8', '1');
INSERT INTO `schedule_tb` VALUES ('10889', '605', '11', '1', '1', '8', '1');
INSERT INTO `schedule_tb` VALUES ('10890', '606', '2', '1', '4', '5', '1');
INSERT INTO `schedule_tb` VALUES ('10891', '606', '3', '1', '4', '5', '1');
INSERT INTO `schedule_tb` VALUES ('10892', '606', '4', '1', '4', '5', '1');
INSERT INTO `schedule_tb` VALUES ('10893', '606', '5', '1', '4', '5', '1');
INSERT INTO `schedule_tb` VALUES ('10894', '606', '6', '1', '4', '5', '1');
INSERT INTO `schedule_tb` VALUES ('10895', '606', '7', '1', '4', '5', '1');
INSERT INTO `schedule_tb` VALUES ('10896', '606', '8', '1', '4', '5', '1');
INSERT INTO `schedule_tb` VALUES ('10897', '606', '9', '1', '4', '5', '1');
INSERT INTO `schedule_tb` VALUES ('10898', '606', '10', '1', '4', '5', '1');
INSERT INTO `schedule_tb` VALUES ('10899', '606', '11', '1', '4', '5', '1');
INSERT INTO `schedule_tb` VALUES ('10900', '606', '12', '1', '4', '5', '1');
INSERT INTO `schedule_tb` VALUES ('10901', '606', '13', '1', '4', '5', '1');
INSERT INTO `schedule_tb` VALUES ('10902', '606', '14', '1', '4', '5', '1');
INSERT INTO `schedule_tb` VALUES ('10903', '606', '15', '1', '4', '5', '1');
INSERT INTO `schedule_tb` VALUES ('10904', '607', '1', '3', '3', '5', '1');
INSERT INTO `schedule_tb` VALUES ('10905', '608', '1', '1', '2', '7', '1');
INSERT INTO `schedule_tb` VALUES ('10906', '608', '2', '1', '2', '7', '1');
INSERT INTO `schedule_tb` VALUES ('10907', '608', '3', '1', '2', '7', '1');
INSERT INTO `schedule_tb` VALUES ('10908', '608', '4', '1', '2', '7', '1');
INSERT INTO `schedule_tb` VALUES ('10909', '608', '5', '1', '2', '7', '1');
INSERT INTO `schedule_tb` VALUES ('10910', '610', '1', '1', '4', '9', '1');
INSERT INTO `schedule_tb` VALUES ('10911', '610', '2', '1', '4', '9', '1');
INSERT INTO `schedule_tb` VALUES ('10912', '610', '3', '1', '4', '9', '1');
INSERT INTO `schedule_tb` VALUES ('10913', '610', '4', '1', '4', '9', '1');
INSERT INTO `schedule_tb` VALUES ('10914', '610', '5', '1', '4', '9', '1');
INSERT INTO `schedule_tb` VALUES ('10915', '611', '2', '4', '2', '7', '1');
INSERT INTO `schedule_tb` VALUES ('10916', '611', '4', '4', '2', '7', '1');
INSERT INTO `schedule_tb` VALUES ('10917', '612', '5', '5', '2', '9', '1');
INSERT INTO `schedule_tb` VALUES ('10918', '612', '6', '5', '2', '9', '1');
INSERT INTO `schedule_tb` VALUES ('10919', '612', '7', '5', '2', '9', '1');
INSERT INTO `schedule_tb` VALUES ('10920', '612', '8', '5', '2', '9', '1');
INSERT INTO `schedule_tb` VALUES ('10921', '612', '9', '5', '2', '9', '1');
INSERT INTO `schedule_tb` VALUES ('10922', '612', '10', '5', '2', '9', '1');
INSERT INTO `schedule_tb` VALUES ('10923', '612', '11', '5', '2', '9', '1');
INSERT INTO `schedule_tb` VALUES ('10924', '613', '5', '4', '4', '8', '1');
INSERT INTO `schedule_tb` VALUES ('10925', '613', '6', '4', '4', '8', '1');
INSERT INTO `schedule_tb` VALUES ('10926', '613', '7', '4', '4', '8', '1');
INSERT INTO `schedule_tb` VALUES ('10927', '613', '8', '4', '4', '8', '1');
INSERT INTO `schedule_tb` VALUES ('10928', '613', '9', '4', '4', '8', '1');
INSERT INTO `schedule_tb` VALUES ('10929', '613', '10', '4', '4', '8', '1');
INSERT INTO `schedule_tb` VALUES ('10930', '613', '11', '4', '4', '8', '1');
INSERT INTO `schedule_tb` VALUES ('10931', '614', '1', '1', '3', '7', '1');
INSERT INTO `schedule_tb` VALUES ('10932', '614', '2', '1', '3', '7', '1');
INSERT INTO `schedule_tb` VALUES ('10933', '614', '3', '1', '3', '7', '1');
INSERT INTO `schedule_tb` VALUES ('10934', '614', '4', '1', '3', '7', '1');
INSERT INTO `schedule_tb` VALUES ('10935', '614', '5', '1', '3', '7', '1');
INSERT INTO `schedule_tb` VALUES ('10936', '615', '2', '3', '2', '7', '1');
INSERT INTO `schedule_tb` VALUES ('10937', '615', '4', '3', '2', '7', '1');
INSERT INTO `schedule_tb` VALUES ('10938', '616', '7', '3', '1', '7', '1');
INSERT INTO `schedule_tb` VALUES ('10939', '616', '8', '3', '1', '7', '1');
INSERT INTO `schedule_tb` VALUES ('10940', '616', '9', '3', '1', '7', '1');
INSERT INTO `schedule_tb` VALUES ('10941', '616', '10', '3', '1', '7', '1');
INSERT INTO `schedule_tb` VALUES ('10942', '616', '11', '3', '1', '7', '1');
INSERT INTO `schedule_tb` VALUES ('10943', '616', '12', '3', '1', '7', '1');
INSERT INTO `schedule_tb` VALUES ('10944', '616', '13', '3', '1', '7', '1');
INSERT INTO `schedule_tb` VALUES ('10945', '617', '6', '5', '3', '5', '1');
INSERT INTO `schedule_tb` VALUES ('10946', '617', '7', '5', '3', '5', '1');
INSERT INTO `schedule_tb` VALUES ('10947', '617', '8', '5', '3', '5', '1');
INSERT INTO `schedule_tb` VALUES ('10948', '617', '9', '5', '3', '5', '1');
INSERT INTO `schedule_tb` VALUES ('10949', '617', '10', '5', '3', '5', '1');
INSERT INTO `schedule_tb` VALUES ('10950', '617', '11', '5', '3', '5', '1');
INSERT INTO `schedule_tb` VALUES ('10951', '617', '12', '5', '3', '5', '1');
INSERT INTO `schedule_tb` VALUES ('10952', '617', '13', '5', '3', '5', '1');
INSERT INTO `schedule_tb` VALUES ('10953', '617', '14', '5', '3', '5', '1');
INSERT INTO `schedule_tb` VALUES ('10954', '617', '15', '5', '3', '5', '1');
INSERT INTO `schedule_tb` VALUES ('10955', '617', '16', '5', '3', '5', '1');
INSERT INTO `schedule_tb` VALUES ('10956', '618', '6', '1', '2', '7', '1');
INSERT INTO `schedule_tb` VALUES ('10957', '618', '7', '1', '2', '7', '1');
INSERT INTO `schedule_tb` VALUES ('10958', '618', '8', '1', '2', '7', '1');
INSERT INTO `schedule_tb` VALUES ('10959', '618', '9', '1', '2', '7', '1');
INSERT INTO `schedule_tb` VALUES ('10960', '618', '10', '1', '2', '7', '1');
INSERT INTO `schedule_tb` VALUES ('10961', '618', '11', '1', '2', '7', '1');
INSERT INTO `schedule_tb` VALUES ('10962', '618', '12', '1', '2', '7', '1');
INSERT INTO `schedule_tb` VALUES ('10963', '619', '6', '3', '4', '7', '1');
INSERT INTO `schedule_tb` VALUES ('10964', '619', '7', '3', '4', '7', '1');
INSERT INTO `schedule_tb` VALUES ('10965', '619', '8', '3', '4', '7', '1');
INSERT INTO `schedule_tb` VALUES ('10966', '619', '9', '3', '4', '7', '1');
INSERT INTO `schedule_tb` VALUES ('10967', '619', '10', '3', '4', '7', '1');
INSERT INTO `schedule_tb` VALUES ('10968', '619', '11', '3', '4', '7', '1');
INSERT INTO `schedule_tb` VALUES ('10969', '619', '12', '3', '4', '7', '1');
INSERT INTO `schedule_tb` VALUES ('10970', '620', '6', '4', '4', '9', '1');
INSERT INTO `schedule_tb` VALUES ('10971', '620', '7', '4', '4', '9', '1');
INSERT INTO `schedule_tb` VALUES ('10972', '620', '8', '4', '4', '9', '1');
INSERT INTO `schedule_tb` VALUES ('10973', '620', '9', '4', '4', '9', '1');
INSERT INTO `schedule_tb` VALUES ('10974', '620', '10', '4', '4', '9', '1');
INSERT INTO `schedule_tb` VALUES ('10975', '620', '11', '4', '4', '9', '1');
INSERT INTO `schedule_tb` VALUES ('10976', '620', '12', '4', '4', '9', '1');
INSERT INTO `schedule_tb` VALUES ('10977', '621', '7', '2', '2', '7', '1');
INSERT INTO `schedule_tb` VALUES ('10978', '621', '8', '2', '2', '7', '1');
INSERT INTO `schedule_tb` VALUES ('10979', '621', '9', '2', '2', '7', '1');
INSERT INTO `schedule_tb` VALUES ('10980', '621', '10', '2', '2', '7', '1');
INSERT INTO `schedule_tb` VALUES ('10981', '621', '11', '2', '2', '7', '1');
INSERT INTO `schedule_tb` VALUES ('10982', '621', '12', '2', '2', '7', '1');
INSERT INTO `schedule_tb` VALUES ('10983', '621', '13', '2', '2', '7', '1');
INSERT INTO `schedule_tb` VALUES ('10984', '622', '6', '3', '2', '7', '1');
INSERT INTO `schedule_tb` VALUES ('10985', '622', '7', '3', '2', '7', '1');
INSERT INTO `schedule_tb` VALUES ('10986', '622', '8', '3', '2', '7', '1');
INSERT INTO `schedule_tb` VALUES ('10987', '622', '9', '3', '2', '7', '1');
INSERT INTO `schedule_tb` VALUES ('10988', '623', '10', '3', '2', '3', '1');
INSERT INTO `schedule_tb` VALUES ('10989', '623', '11', '3', '2', '3', '1');
INSERT INTO `schedule_tb` VALUES ('10990', '624', '12', '3', '2', '8', '1');
INSERT INTO `schedule_tb` VALUES ('10991', '625', '6', '1', '4', '9', '1');
INSERT INTO `schedule_tb` VALUES ('10992', '625', '7', '1', '4', '9', '1');
INSERT INTO `schedule_tb` VALUES ('10993', '625', '8', '1', '4', '9', '1');
INSERT INTO `schedule_tb` VALUES ('10994', '625', '9', '1', '4', '9', '1');
INSERT INTO `schedule_tb` VALUES ('10995', '625', '10', '1', '4', '9', '1');
INSERT INTO `schedule_tb` VALUES ('10996', '625', '11', '1', '4', '9', '1');
INSERT INTO `schedule_tb` VALUES ('10997', '625', '12', '1', '4', '9', '1');
INSERT INTO `schedule_tb` VALUES ('10998', '626', '6', '1', '4', '9', '1');
INSERT INTO `schedule_tb` VALUES ('10999', '626', '7', '1', '4', '9', '1');
INSERT INTO `schedule_tb` VALUES ('11000', '626', '8', '1', '4', '9', '1');
INSERT INTO `schedule_tb` VALUES ('11001', '626', '9', '1', '4', '9', '1');
INSERT INTO `schedule_tb` VALUES ('11002', '626', '10', '1', '4', '9', '1');
INSERT INTO `schedule_tb` VALUES ('11003', '626', '11', '1', '4', '9', '1');
INSERT INTO `schedule_tb` VALUES ('11004', '626', '12', '1', '4', '9', '1');
INSERT INTO `schedule_tb` VALUES ('11005', '627', '1', '2', '3', '7', '1');
INSERT INTO `schedule_tb` VALUES ('11006', '627', '2', '2', '3', '7', '1');
INSERT INTO `schedule_tb` VALUES ('11007', '627', '3', '2', '3', '7', '1');
INSERT INTO `schedule_tb` VALUES ('11008', '627', '4', '2', '3', '7', '1');
INSERT INTO `schedule_tb` VALUES ('11009', '627', '5', '2', '3', '7', '1');
INSERT INTO `schedule_tb` VALUES ('11010', '628', '2', '4', '1', '7', '1');
INSERT INTO `schedule_tb` VALUES ('11011', '628', '4', '4', '1', '7', '1');
INSERT INTO `schedule_tb` VALUES ('11012', '629', '1', '5', '2', '7', '1');
INSERT INTO `schedule_tb` VALUES ('11013', '629', '2', '5', '2', '7', '1');
INSERT INTO `schedule_tb` VALUES ('11014', '629', '3', '5', '2', '7', '1');
INSERT INTO `schedule_tb` VALUES ('11015', '629', '4', '5', '2', '7', '1');
INSERT INTO `schedule_tb` VALUES ('11016', '629', '5', '5', '2', '7', '1');
INSERT INTO `schedule_tb` VALUES ('11017', '629', '6', '5', '2', '7', '1');
INSERT INTO `schedule_tb` VALUES ('11018', '629', '7', '5', '2', '7', '1');
INSERT INTO `schedule_tb` VALUES ('11019', '629', '8', '5', '2', '7', '1');
INSERT INTO `schedule_tb` VALUES ('11020', '630', '9', '5', '2', '7', '1');
INSERT INTO `schedule_tb` VALUES ('11021', '631', '10', '5', '2', '2', '1');
INSERT INTO `schedule_tb` VALUES ('11022', '632', '6', '1', '1', '9', '1');
INSERT INTO `schedule_tb` VALUES ('11023', '632', '7', '1', '1', '9', '1');
INSERT INTO `schedule_tb` VALUES ('11024', '632', '8', '1', '1', '9', '1');
INSERT INTO `schedule_tb` VALUES ('11025', '632', '9', '1', '1', '9', '1');
INSERT INTO `schedule_tb` VALUES ('11026', '632', '10', '1', '1', '9', '1');
INSERT INTO `schedule_tb` VALUES ('11027', '632', '11', '1', '1', '9', '1');
INSERT INTO `schedule_tb` VALUES ('11028', '632', '12', '1', '1', '9', '1');
INSERT INTO `schedule_tb` VALUES ('11029', '633', '1', '4', '2', '9', '1');
INSERT INTO `schedule_tb` VALUES ('11030', '633', '2', '4', '2', '9', '1');
INSERT INTO `schedule_tb` VALUES ('11031', '633', '3', '4', '2', '9', '1');
INSERT INTO `schedule_tb` VALUES ('11032', '633', '4', '4', '2', '9', '1');
INSERT INTO `schedule_tb` VALUES ('11033', '633', '5', '4', '2', '9', '1');
INSERT INTO `schedule_tb` VALUES ('11034', '634', '2', '3', '1', '9', '1');
INSERT INTO `schedule_tb` VALUES ('11035', '634', '4', '3', '1', '9', '1');
INSERT INTO `schedule_tb` VALUES ('11036', '635', '6', '1', '3', '7', '1');
INSERT INTO `schedule_tb` VALUES ('11037', '635', '7', '1', '3', '7', '1');
INSERT INTO `schedule_tb` VALUES ('11038', '635', '8', '1', '3', '7', '1');
INSERT INTO `schedule_tb` VALUES ('11039', '635', '9', '1', '3', '7', '1');
INSERT INTO `schedule_tb` VALUES ('11040', '635', '10', '1', '3', '7', '1');
INSERT INTO `schedule_tb` VALUES ('11041', '635', '11', '1', '3', '7', '1');
INSERT INTO `schedule_tb` VALUES ('11042', '635', '12', '1', '3', '7', '1');
INSERT INTO `schedule_tb` VALUES ('11043', '636', '1', '3', '3', '7', '1');
INSERT INTO `schedule_tb` VALUES ('11044', '636', '2', '3', '3', '7', '1');
INSERT INTO `schedule_tb` VALUES ('11045', '636', '3', '3', '3', '7', '1');
INSERT INTO `schedule_tb` VALUES ('11046', '636', '4', '3', '3', '7', '1');
INSERT INTO `schedule_tb` VALUES ('11047', '636', '5', '3', '3', '7', '1');
INSERT INTO `schedule_tb` VALUES ('11048', '637', '1', '5', '2', '9', '1');
INSERT INTO `schedule_tb` VALUES ('11049', '637', '3', '5', '2', '9', '1');
INSERT INTO `schedule_tb` VALUES ('11050', '638', '1', '1', '1', '7', '1');
INSERT INTO `schedule_tb` VALUES ('11051', '638', '2', '1', '1', '7', '1');
INSERT INTO `schedule_tb` VALUES ('11052', '638', '3', '1', '1', '7', '1');
INSERT INTO `schedule_tb` VALUES ('11053', '638', '4', '1', '1', '7', '1');
INSERT INTO `schedule_tb` VALUES ('11054', '638', '5', '1', '1', '7', '1');
INSERT INTO `schedule_tb` VALUES ('11055', '639', '1', '4', '4', '7', '1');
INSERT INTO `schedule_tb` VALUES ('11056', '639', '2', '4', '4', '7', '1');
INSERT INTO `schedule_tb` VALUES ('11057', '639', '3', '4', '4', '7', '1');
INSERT INTO `schedule_tb` VALUES ('11058', '639', '4', '4', '4', '7', '1');
INSERT INTO `schedule_tb` VALUES ('11059', '639', '5', '4', '4', '7', '1');
INSERT INTO `schedule_tb` VALUES ('11060', '640', '1', '2', '3', '8', '1');
INSERT INTO `schedule_tb` VALUES ('11061', '640', '2', '2', '3', '8', '1');
INSERT INTO `schedule_tb` VALUES ('11062', '640', '3', '2', '3', '8', '1');
INSERT INTO `schedule_tb` VALUES ('11063', '640', '4', '2', '3', '8', '1');
INSERT INTO `schedule_tb` VALUES ('11064', '640', '5', '2', '3', '8', '1');
INSERT INTO `schedule_tb` VALUES ('11065', '640', '6', '2', '3', '8', '1');
INSERT INTO `schedule_tb` VALUES ('11066', '640', '7', '2', '3', '8', '1');
INSERT INTO `schedule_tb` VALUES ('11067', '641', '1', '1', '2', '9', '1');
INSERT INTO `schedule_tb` VALUES ('11068', '641', '2', '1', '2', '9', '1');
INSERT INTO `schedule_tb` VALUES ('11069', '641', '3', '1', '2', '9', '1');
INSERT INTO `schedule_tb` VALUES ('11070', '641', '4', '1', '2', '9', '1');
INSERT INTO `schedule_tb` VALUES ('11071', '641', '5', '1', '2', '9', '1');
INSERT INTO `schedule_tb` VALUES ('11072', '642', '2', '4', '2', '1', '1');
INSERT INTO `schedule_tb` VALUES ('11073', '642', '4', '4', '2', '1', '1');
INSERT INTO `schedule_tb` VALUES ('11074', '643', '2', '2', '2', '9', '1');
INSERT INTO `schedule_tb` VALUES ('11075', '643', '3', '2', '2', '9', '1');
INSERT INTO `schedule_tb` VALUES ('11076', '643', '4', '2', '2', '9', '1');
INSERT INTO `schedule_tb` VALUES ('11077', '643', '5', '2', '2', '9', '1');
INSERT INTO `schedule_tb` VALUES ('11078', '643', '6', '2', '2', '9', '1');
INSERT INTO `schedule_tb` VALUES ('11079', '643', '7', '2', '2', '9', '1');
INSERT INTO `schedule_tb` VALUES ('11080', '643', '8', '2', '2', '9', '1');
INSERT INTO `schedule_tb` VALUES ('11081', '644', '6', '4', '2', '9', '1');
INSERT INTO `schedule_tb` VALUES ('11082', '644', '7', '4', '2', '9', '1');
INSERT INTO `schedule_tb` VALUES ('11083', '644', '8', '4', '2', '9', '1');
INSERT INTO `schedule_tb` VALUES ('11084', '644', '9', '4', '2', '9', '1');
INSERT INTO `schedule_tb` VALUES ('11085', '644', '10', '4', '2', '9', '1');
INSERT INTO `schedule_tb` VALUES ('11086', '644', '11', '4', '2', '9', '1');
INSERT INTO `schedule_tb` VALUES ('11087', '644', '12', '4', '2', '9', '1');
INSERT INTO `schedule_tb` VALUES ('11088', '644', '14', '4', '2', '9', '1');
INSERT INTO `schedule_tb` VALUES ('11089', '644', '15', '4', '2', '9', '1');
INSERT INTO `schedule_tb` VALUES ('11090', '644', '16', '4', '2', '9', '1');
INSERT INTO `schedule_tb` VALUES ('11091', '645', '5', '4', '2', '7', '1');
INSERT INTO `schedule_tb` VALUES ('11092', '645', '13', '4', '2', '7', '1');
INSERT INTO `schedule_tb` VALUES ('11093', '646', '17', '4', '2', '9', '1');
INSERT INTO `schedule_tb` VALUES ('11094', '647', '1', '4', '2', '6', '1');
INSERT INTO `schedule_tb` VALUES ('11095', '647', '1', '5', '2', '6', '1');
INSERT INTO `schedule_tb` VALUES ('11096', '647', '2', '4', '2', '6', '1');
INSERT INTO `schedule_tb` VALUES ('11097', '647', '2', '5', '2', '6', '1');
INSERT INTO `schedule_tb` VALUES ('11098', '647', '3', '4', '2', '6', '1');
INSERT INTO `schedule_tb` VALUES ('11099', '647', '3', '5', '2', '6', '1');
INSERT INTO `schedule_tb` VALUES ('11100', '647', '4', '4', '2', '6', '1');
INSERT INTO `schedule_tb` VALUES ('11101', '647', '4', '5', '2', '6', '1');
INSERT INTO `schedule_tb` VALUES ('11102', '647', '5', '4', '2', '6', '1');
INSERT INTO `schedule_tb` VALUES ('11103', '647', '5', '5', '2', '6', '1');
INSERT INTO `schedule_tb` VALUES ('11104', '647', '6', '4', '2', '6', '1');
INSERT INTO `schedule_tb` VALUES ('11105', '647', '6', '5', '2', '6', '1');
INSERT INTO `schedule_tb` VALUES ('11106', '647', '7', '4', '2', '6', '1');
INSERT INTO `schedule_tb` VALUES ('11107', '647', '7', '5', '2', '6', '1');
INSERT INTO `schedule_tb` VALUES ('11108', '647', '8', '4', '2', '6', '1');
INSERT INTO `schedule_tb` VALUES ('11109', '647', '8', '5', '2', '6', '1');
INSERT INTO `schedule_tb` VALUES ('11110', '647', '9', '4', '2', '6', '1');
INSERT INTO `schedule_tb` VALUES ('11111', '647', '9', '5', '2', '6', '1');
INSERT INTO `schedule_tb` VALUES ('11112', '647', '10', '4', '2', '6', '1');
INSERT INTO `schedule_tb` VALUES ('11113', '647', '10', '5', '2', '6', '1');
INSERT INTO `schedule_tb` VALUES ('11114', '652', '2', '3', '4', '6', '1');
INSERT INTO `schedule_tb` VALUES ('11115', '652', '3', '3', '4', '6', '1');
INSERT INTO `schedule_tb` VALUES ('11116', '652', '4', '3', '4', '6', '1');
INSERT INTO `schedule_tb` VALUES ('11117', '652', '6', '3', '4', '6', '1');
INSERT INTO `schedule_tb` VALUES ('11118', '652', '7', '3', '4', '6', '1');
INSERT INTO `schedule_tb` VALUES ('11119', '653', '2', '5', '2', '6', '1');
INSERT INTO `schedule_tb` VALUES ('11120', '653', '3', '5', '2', '6', '1');
INSERT INTO `schedule_tb` VALUES ('11121', '653', '5', '5', '2', '6', '1');
INSERT INTO `schedule_tb` VALUES ('11122', '653', '6', '5', '2', '6', '1');
INSERT INTO `schedule_tb` VALUES ('11123', '653', '7', '5', '2', '6', '1');
INSERT INTO `schedule_tb` VALUES ('11124', '656', '4', '1', '5', '2', '1');
INSERT INTO `schedule_tb` VALUES ('11125', '656', '4', '1', '5', '5', '1');
INSERT INTO `schedule_tb` VALUES ('11126', '656', '6', '1', '5', '2', '1');
INSERT INTO `schedule_tb` VALUES ('11127', '656', '6', '1', '5', '5', '1');
INSERT INTO `schedule_tb` VALUES ('11128', '656', '8', '1', '5', '2', '1');
INSERT INTO `schedule_tb` VALUES ('11129', '656', '8', '1', '5', '5', '1');
INSERT INTO `schedule_tb` VALUES ('11130', '657', '14', '2', '5', '2', '1');
INSERT INTO `schedule_tb` VALUES ('11131', '657', '14', '2', '5', '5', '1');
INSERT INTO `schedule_tb` VALUES ('11132', '657', '16', '2', '5', '2', '1');
INSERT INTO `schedule_tb` VALUES ('11133', '657', '16', '2', '5', '5', '1');
INSERT INTO `schedule_tb` VALUES ('11134', '657', '18', '2', '5', '2', '1');
INSERT INTO `schedule_tb` VALUES ('11135', '657', '18', '2', '5', '5', '1');
INSERT INTO `schedule_tb` VALUES ('11136', '658', '3', '4', '5', '3', '1');
INSERT INTO `schedule_tb` VALUES ('11137', '658', '3', '4', '5', '5', '1');
INSERT INTO `schedule_tb` VALUES ('11138', '659', '12', '4', '5', '3', '1');
INSERT INTO `schedule_tb` VALUES ('11139', '659', '12', '4', '5', '5', '1');
INSERT INTO `schedule_tb` VALUES ('11140', '660', '3', '3', '5', '3', '1');
INSERT INTO `schedule_tb` VALUES ('11141', '660', '3', '3', '5', '5', '1');
INSERT INTO `schedule_tb` VALUES ('11142', '661', '3', '2', '5', '3', '1');
INSERT INTO `schedule_tb` VALUES ('11143', '661', '3', '2', '5', '5', '1');
INSERT INTO `schedule_tb` VALUES ('11144', '662', '12', '1', '5', '3', '1');
INSERT INTO `schedule_tb` VALUES ('11145', '662', '12', '1', '5', '5', '1');
INSERT INTO `schedule_tb` VALUES ('11146', '662', '12', '1', '5', '8', '1');
INSERT INTO `schedule_tb` VALUES ('11147', '663', '4', '2', '5', '3', '1');
INSERT INTO `schedule_tb` VALUES ('11148', '663', '4', '2', '5', '5', '1');
INSERT INTO `schedule_tb` VALUES ('11149', '664', '4', '4', '5', '3', '1');
INSERT INTO `schedule_tb` VALUES ('11150', '664', '4', '4', '5', '5', '1');
INSERT INTO `schedule_tb` VALUES ('11151', '665', '5', '2', '5', '2', '1');
INSERT INTO `schedule_tb` VALUES ('11152', '665', '5', '2', '5', '3', '1');
INSERT INTO `schedule_tb` VALUES ('11153', '666', '6', '2', '5', '2', '1');
INSERT INTO `schedule_tb` VALUES ('11154', '666', '6', '2', '5', '3', '1');
INSERT INTO `schedule_tb` VALUES ('11155', '667', '12', '3', '5', '3', '1');
INSERT INTO `schedule_tb` VALUES ('11156', '667', '12', '3', '5', '5', '1');
INSERT INTO `schedule_tb` VALUES ('11157', '668', '4', '4', '4', '2', '1');
INSERT INTO `schedule_tb` VALUES ('11158', '668', '4', '4', '4', '6', '1');
INSERT INTO `schedule_tb` VALUES ('11159', '668', '4', '4', '4', '9', '1');
INSERT INTO `schedule_tb` VALUES ('11160', '669', '4', '3', '5', '3', '1');
INSERT INTO `schedule_tb` VALUES ('11161', '669', '4', '3', '5', '5', '1');
INSERT INTO `schedule_tb` VALUES ('11162', '670', '13', '4', '5', '3', '1');
INSERT INTO `schedule_tb` VALUES ('11163', '670', '13', '4', '5', '5', '1');
INSERT INTO `schedule_tb` VALUES ('11164', '671', '3', '2', '5', '2', '1');
INSERT INTO `schedule_tb` VALUES ('11165', '671', '3', '2', '5', '9', '1');
INSERT INTO `schedule_tb` VALUES ('11166', '672', '15', '3', '5', '2', '1');
INSERT INTO `schedule_tb` VALUES ('11167', '672', '15', '3', '5', '3', '1');
INSERT INTO `schedule_tb` VALUES ('11168', '673', '3', '1', '5', '3', '1');
INSERT INTO `schedule_tb` VALUES ('11169', '673', '3', '1', '5', '5', '1');
INSERT INTO `schedule_tb` VALUES ('11170', '674', '6', '5', '1', '9', '1');
INSERT INTO `schedule_tb` VALUES ('11171', '674', '7', '5', '1', '9', '1');
INSERT INTO `schedule_tb` VALUES ('11172', '674', '8', '5', '1', '9', '1');
INSERT INTO `schedule_tb` VALUES ('11173', '674', '9', '5', '1', '9', '1');
INSERT INTO `schedule_tb` VALUES ('11174', '674', '10', '5', '1', '9', '1');
INSERT INTO `schedule_tb` VALUES ('11175', '674', '11', '5', '1', '9', '1');
INSERT INTO `schedule_tb` VALUES ('11176', '674', '12', '5', '1', '9', '1');
INSERT INTO `schedule_tb` VALUES ('11177', '674', '13', '5', '1', '9', '1');
INSERT INTO `schedule_tb` VALUES ('11178', '674', '14', '5', '1', '9', '1');

-- ----------------------------
-- Table structure for `terms_tb`
-- ----------------------------
DROP TABLE IF EXISTS `terms_tb`;
CREATE TABLE `terms_tb` (
  `TermID` int(11) NOT NULL AUTO_INCREMENT COMMENT '主键，自增，学期编号',
  `TermYear` varchar(50) NOT NULL COMMENT '学期年',
  `TermIndex` bit(1) NOT NULL DEFAULT b'0' COMMENT '默认值0上学期，1下学期',
  `TermStartDay` datetime NOT NULL COMMENT '本学期开学日期，必须为周一',
  `TermWeeks` tinyint(4) NOT NULL COMMENT '本学期周数',
  `TermIsUse` bit(1) NOT NULL DEFAULT b'0' COMMENT '默认值0不可以，1当前可用学期，只有一条记录为1',
  PRIMARY KEY (`TermID`)
) ENGINE=InnoDB AUTO_INCREMENT=2 DEFAULT CHARSET=utf8;

-- ----------------------------
-- Records of terms_tb
-- ----------------------------
INSERT INTO `terms_tb` VALUES ('1', '2012-2013(下)', '', '2013-02-25 00:00:00', '22', '');
